INSERT INTO "public".ctps( numero, serie ) VALUES ( '000000', '0000' );
INSERT INTO "public".ctps( numero, serie ) VALUES ( '34535151', '4553' );
INSERT INTO "public".ctps( numero, serie ) VALUES ( '54333434334', '00015' );
INSERT INTO "public".ctps( numero, serie ) VALUES ( '987654321', '00012' );

INSERT INTO "public".disciplina( codigo, nome, professor, turma, serie, ativo ) VALUES ( 1, 'Gestão de Projetos', 2147483647, 144, '22', true );
INSERT INTO "public".disciplina( codigo, nome, professor, turma, serie, ativo ) VALUES ( 2, 'PV', 0, 2345678, '123', true );
INSERT INTO "public".disciplina( codigo, nome, professor, turma, serie, ativo ) VALUES ( 3, 'Teste 1', 11111, 11, 'ts1', true );
INSERT INTO "public".disciplina( codigo, nome, professor, turma, serie, ativo ) VALUES ( 4, 'Teste 2', 22222, 22, 'ts2', true );
INSERT INTO "public".disciplina( codigo, nome, professor, turma, serie, ativo ) VALUES ( 5, 'Teste 5', 33333, 33, 'ts3', true );

INSERT INTO "public".endereco( codigo, cep, cidade, logradouro, numero, bairro, estado ) VALUES ( '000.000.000-00', '59300-000', 'Caicó', 'Av. Coronel Martiniano', 'S/N', 'Centro', 'RN' );
INSERT INTO "public".endereco( codigo, cep, cidade, logradouro, numero, bairro, estado ) VALUES ( '026.898.294-52', '59300-000', 'Caicó', 'Rua Esperidião Elói de Medeiros', '131', 'João XXIII', 'RN' );
INSERT INTO "public".endereco( codigo, cep, cidade, logradouro, numero, bairro, estado ) VALUES ( '968.543.333-33', '59300-000', 'Caicó', 'Rua Padre Inácio', '06A', 'Paulo XI', 'RN' );
INSERT INTO "public".endereco( codigo, cep, cidade, logradouro, numero, bairro, estado ) VALUES ( '123.123.123-13', '59010-015', 'Natal', 'Rua Miramar Teste', '110', 'Praia do Meio', 'RN' );

INSERT INTO "public".escola( codigo, nome, telefone, email, endereco, ativo ) VALUES ( 1, 'teste', '(00)00000-0000', 'escola@teste.com', '000.000.000-00', true );
INSERT INTO "public".escola( codigo, nome, telefone, email, endereco, ativo ) VALUES ( 3, 'Escola 3', '(22)22222-2222', 'escola3@teste.com', '026.898.294-52', true );
INSERT INTO "public".escola( codigo, nome, telefone, email, endereco, ativo ) VALUES ( 2, 'Escola 2', '(11)11111-1111', 'escola2t@teste.com', '123.123.123-13', true );

INSERT INTO "public".funcionario( cpf, nome, datanasc, cidadenasc, estadonasc, nomepai, nomemae, sexo, estadocivil, telefone, email, pispasep, matricula, dataadmissao, escolaridade, formacaoacademica, anoconclusao, cargo, funcao, endereco, ctps, rg, tituloeleitor, reservista, senha, escola, ativo, foto ) VALUES ( '000.000.000-00', 'Administrador', '2018-01-01', 'Sem cidade', 'AC ', 'Sem pai', 'Sem mãe', 'M  ', '0', '(00)00000-0000', 'admin@sigem.com', '000000000', 'admin', '2018-01-01', 'Ensino superior', 'Sem formação', 2018, 'Administrador', 'Administrador do sistema', '000.000.000-00', '000000', '0000000', '00000000', '000000000', '21232f297a57a5a743894a0e4a801fc3', '24032239', null, null );
INSERT INTO "public".funcionario( cpf, nome, datanasc, cidadenasc, estadonasc, nomepai, nomemae, sexo, estadocivil, telefone, email, pispasep, matricula, dataadmissao, escolaridade, formacaoacademica, anoconclusao, cargo, funcao, endereco, ctps, rg, tituloeleitor, reservista, senha, escola, ativo, foto ) VALUES ( '123.123.123-13', 'Emanuel Costa', '1986-11-30', 'Caicó, Cidade Quente', 'RN', 'Manoel da Silva Neto', 'Maria do Socorro da Costa', 'M  ', 'Solteiro(a)', '(84)99601-5449', 'emancos@gmail.com', '123.12312.31.3', '15.519/1', '2013-06-26', 'Ensino Médio', '-', 2004, 'Auxiliar de Serviços Gerais', 'ASG', '123.123.123-13', '34535151', '339973936', '09987655', '87654322', 'd89ca9451043b1b65f4a70646c9b24c6', '24032239', true, 'data:image/jpeg;base64,/9j/4AAQSkZJRgABAQAAAQABAAD/4QAqRXhpZgAASUkqAAgAAAABADEBAgAHAAAAGgAAAAAAAABHb29nbGUAAP/bAIQAAwICCgoIDgoNCAgICAoKCAoICAgICAoKCAoICAoICgoICAgICggKCggICAgICgoICAgKCgoICA0NCggNCAgJCAEDBAQGBQYKBgYKEA0KDQ0PDQ8PDw4NDQ0NDQ0NDQ0NDQ0NDQ0NDQ0NDQ0NDQ0NDQ0NDQ0NDQ0NDQ0NDQ0NDQ0N/8AAEQgAjACMAwERAAIRAQMRAf/EAB4AAAEEAwEBAQAAAAAAAAAAAAcFBggJAAMEAQIK/8QARhAAAQMCBAMGAgcGAggHAAAAAQIDEQAhBAUSMQZBUQcIEyJhcYGRFDJSobHB8AkjQnLR4WLxFRYkM1OClMIlQ0SDkqKl/8QAHAEAAQUBAQEAAAAAAAAAAAAABQECAwQGAAcI/8QAOBEAAgEDAwIEBAMHAwUAAAAAAAECAwQREiExBUETIlFhBhQycQeR8EKBobHB0dIVovEWIzNikv/aAAwDAQACEQMRAD8ANHYzhCMpwzhSfEeYbxDxNgp3Fp+lOqMjdTzq1eUc+dqWUgFoHng0hZUkp1pKFBSICgQbEHWQkiJnVaJqEelgrb7XGW+GuJlv4Jptn/Zg+hlayttOt+Fto0uI0JUpLaQlLitKNQAg6Q5Ms5daDTI9cadsWIxLbiVqWkYhzxXocUfEUSpZUubkKUoHSsmITH8Wp5YpUFB5Byo1xZPK44yuOMrjjK44yuOMrjjK449muOLJP2U/eFxC8QvJXnPFwwZL2B8RQ1sFCpcaQSdSmylWsIv4ek7CAHwKVxDuizlLU/r9fdVgGv3Ps4f7zTWKjncwfqaVCnv0f9SKU4iD2EZTmWJyfCasQzhGU4TDtgNNlx5QZaS0da1aUoXKCFAa4MwTVQlbwE7C9kzaPOXsU84AoFTjx80iDCEgI9pSeVOwNzkrg7/XCzica04EkIaacEwDJ8ZbiSRM3ClX6QDpJs0t2+2xDzEvSeccgeXyri+agmu2F0v0PfD9PupMr1F0S9GbEYJR2So+wNNlUiuWSKjN/ss3OZSsD6p+H65Vyqx9RHRkuxyKFOyRs+ZpRDyuOMrjjK44Mvc/zhLPE+XuKeLCU4xsKcnTp8SWwFK+y4Vhte0pURzpe5HUWYs/QXh8GALD4j+tT5BGk6Poh5CuydpPVZUeh+VI2LpfY8cyFRPOkydoZHDu2YYnLSk/+Vj86YHoljN8W2kD2SkVGRyYUcewEIkmLiDeRYm29zEC1Kx8SoH9oF2sN4vMlMNQW2VK8RY2UvVpMEK07p5C8f4abyy/QW2Ro9ifdj+lM+K/KdYBabkghJE6jtc9LwOU7Zu+6n4TcIdjX2PTtaU5hjyvulYSBqWBG6TzHUkX6+m1jWbl1Oq3lGnpWMEuEONju1YJFghGgjZUErHKCRIv8qgnf1Xy2Xvlaa/ZQ+eGeyvB4ceXDtajIgpECemoED3A+NRfMzk92xPBj2QNuLOwVlxTjiWohRJQAR5TeYTJEEmFaCCnSDEA0TpXTS5Kk7Vc4Afxf2Eha/3bejaVWI/+g5jqQJ+RKUeoOK3YNrdNjU4QPeJOxF1o3Bk7EQUqEfwkfnRKHUYsFT6S1wJjHZO4pNkqK+SEpJP4eo5ipXfRTIV0qTQ3sy4UW19ZJiCbWIjqCPX1q5TrxqcMG1bSdLkRDY1YTKbRsZdgzN79fb7x60oxrKwfow7mvGox/DGAxJcDq1YRlLygSf3rSfCcCtV9SVpIMzcWJBBK5K8aSbeQ1hgdK7JKqcfQ+giuyOUEuxkV2RdKIu92hqcFiU/ZzriJP/7GJV+BpwEe45e07hJ/EYVaWHvBeCHtB0ghS/DVokm4KVwZGq0iNilwqeCsjtN7AHcLlGGwuIwDjD7+bYdx55bzSkvJGHcDoQlClOFvQ3pQFeHENgoHlqrcS8OlKS5ClhF1KsYvgLOVFBQAPL0IERa0wfuFeZVpPLbPWKUFskK+BxOkR5ioQZKSQoe4EVTkwpGOw5WMOCNUJJMfwyevqd6hkxyjg34fLgZuuSJEJ59JJgRTlJ9xrijGeGChOpRUQbyqDp5xb12qwpELRy4zJEFMpII6RMkGefX5zS6xEscDCxfAPiLUA2nwhBCQSTqM6rGwjyxfr1FTKq0I45E7G9kqQQpMpO8gEEfHfa0VLGuR+GgYdo3YkotLXGtYuVHfTJEkHpzmfYXNFaFxh8gm7t1KPG5E/ifg/wAJRlJSZOpKh6m4It8J5eorV0quVyY2vR0dhrPYWJ5+o6GralkoFw37GLtRD2S4jLjAcwWJ8VEbqZxidV7/AMLyHB7KHweRLCkWJiuHoyuFMrjgI92bhkDBPrM/vc44hcEWGk5zikJI/mSgK+NObwDKVBtbhfORo6ff+v11rtRb8CJEj9oXlaPo2EhMKTiH3dQ/wYcs6VfxROI1iCLooX1Gpiiwn0ymoV9iJ/BuPGnzqOq5ANvLNjPw9IBrzq4Z6VbrIQ8IhTiQlKmY5mTIHtubzEWqi3gJxFrD8NKb82vWq2wgX5Xk79CKZ9RJjJ2IwThuJjaJ0j2kjeD0p7YzA68BkpKYW3Iv1MfMAz93pTk8kD5ONXBYnmPSwPyAv91KJk7WOFUJsB1JJG5+AvFOWTsnJi8mHT+vr+t6lTGNiBmfDqF2NrdAZEcxtebinqbTyMcUwA9tPdyTiGllCUpWE7AblKbR0m/XlRyzvHB4lwA7yzUlkgfmuRLbWUFJStJKFpIEg/3ABHI261sKc9UdSMXWp6G0TV/Y25yUcTPNX0u5e6o9NTLzUW0mbOK5iPW9XUkDp8pl0c0g/LPa4eZXHA87ASDlLKgIDpxD3/UYp1+THM+JJ9aWSw8ENN5imEOkJiKXf44TUvCsYnUrQ0p5lbd9P+0BCkrIHMeAUD+eKFdShqohDp//AJ0RU4LyHWLjVcW/reNhz+6vPq8T0W3aQQcRwUWQHEoCUnkNJHpsLE9ZqrpLymhJ4g4hUlIN/rIHlJMEq/i5flTdBajJYFzh7j5hu7jgQZ2WQCm36+7qKVUpPhEE6iwFvh/jfBOpGh5tXqlYINukkem1WfCa2wC5T3zk3YvP8MmZW2J5lQ+BtSqkxvierEpObsrVpS82VQCAFjabQZj/ADrnSkuxIpr1ObMsLEmJMfW5H2vMj2HxqKSwTRkNpd+UG+9tvam4Y7JwYnDwoHeJkRvNTxIp7rBX13p8mQ3miiEgBUE8rj+8/qK21hKTomG6hT87+4Yv2V2HThuI3cW4tpjBM5e/4rzq0oShTzzSWzqJElUKQE+aSsCJKYM+NCCzJgSVGU5Yii4zhfi9jFN+Iy8h5uYKkHYjkoEAgwQYIFqdSqxqLMXk6dKdJ4msCzUqI2zwqpRuoHfd/P8A4Syj/hHEMHqDhcW9hyD6gtQaWfOSOl9KQRaQmyCLvWZSHMjf2lHgLSTyKXkAn/4qVVW5jqptFu1lpqorCd7yOFywELV47hJCENwZAI57D41j1Y1Kz2Rr3f06XLFHI++gMW6lIb0sklKgqNSZiNlcoMzMiDaLsqWEoLfks076M90EpvP21pWlJSdQCkgETufwIkAdPWhUqbWzDUJ5WURo7XuF38S6pIUuDpKRKgApEpMySLgx7i/1RRW3nGmuAbcQnN4iDLFcHY5hIKHXUFIGk+MUQTzGk8o2uL+lzFOpTk90B52tZLk6sJxhm64SrGB0A2Qp9Cin46BzuZJPrViTorhFX5eu/wDkdmQ5fmjjwWXS2keYhskyY+1A5naY9FfVqpOrT4aHxt663/qHTs/zrPGwQrGNLQSNKH0eKRebKGlSdInn8oihlWNJ8Baj4q5YcMgzt5U+IhIMQNAA1RuT5jAjkJ9zQicQisipjlkxvuP7/IVFEV5RCPvfcFE41pwRpWtLZI5FZH5EmZ+Varp1Rqm4mdv6bckyQHZF2OIy9hI0pcxJaTKlAEIKZuhJB3nn0N6E3FeVSXsGbWhGnHLW5KbuF4VQYxpUpRUccPKpWrTDCdv5iTyGw6VoOjvyy9jO/ECzUg/VZ/IlUkVokZXk+SilG6QX9gR0JxuH1ScPnGab7gY94ZqkeyRj9KfRIrp8ZG09tgpxXEiRGL9ovgMyc4VxKMAgreKmPpIR/vRhEuBbymR9pOlJXEq8IOlNwITGRVLTJMoazbIHUmXVQqY0lUrPsnp7ketNfl2RPvPeQtcP8bpZTp8BJI/jKoUI6QI2O01Rq23idwpSuFTWxLDuicUf6Sf8KVJW3pkcyFGAZjaxnfast1Gg7fGe5p7C7VZbdiV3ah2RJQ2FAQqLqH5x69bbUKg0woppvJA/tzcdY8q9SdRI1EjYXgepTERRu1hqeCvWksb7jCxvDj7eXHHfRmlYZK0I1KMnUs6RqCLgTMyoX08zFGaNCMnuzMXV46csKApcKdp2JQkKbwodQQJVgHX9TJLSHSFNrLg8vieGfEa0FxtwIUoIKqWtZUlyxlre1JPaGwfeybtUxLoBXh31oJ8rhYUgjlCwnyW6pMGfqDagNxQhF+VmnoVHJbpko+G1FaASkj3kG/X+9Aq8sF2MReXgzHX0+FV4SHSQBO81kiVYZtRSJS8gpEmVEK2BHXbb8K0NjPGV7Aq6xs36i5w3xbiW8SnW2hTS2keC4QoKkWXqhekGdgUyPjQ+q1F5YVoqM4+5MDunZRo+lLA0peWw5H+NSFavmNKvj6VpOjZcZ+5kfiBpSgu6T/iSGArToyaMmlFBFwA94XEWZMXh9jKMwFra3Wn8ucv/AC5awY6qNK15UQRfnaC4k0hOj5cRNoBGxB5zuPjtSZGP2Pz8dvvZX4We4h2ELwica8E4ZSlDW226UgFQ2SSmwk8+tUJ3kVt3CtG0lPl4QLOJslQrEOLQlOHYdgBgJQtSRKFQ2YgedsEFGlWmUmQVAt+c22RZj0xt7sm3+zk7KCyHMWUKC3FJbbCgJCG4JUeQ1LVaJsm+9ZLq9z8xJJPg1NjaK3g2To4yZ1JCdIIiDa3xvzrPTeHsXqUcrcjL2z92BWKbU40RrFwlYChG9hEjlcfPoQpXLSHuEU9yM7HZ09h1Fl3BGDIISJCoI3FgYN7z901d8Z9pEnh05reOQvcC5PiFpDacMGW+imwEzEWSmRcR8agncPlyEjSjH6VgOHBXZopIknUTeNIAne3tQ6rc5Hcdx7jhfSmwAj9e1VHmXJymJ2JTpvvsN7f26VYgRSYEO33CFxkAbgpPPT0I6WEn5Ucs2lnINut0giZTnqXMGhpLaVL8isS6Gz+5lEadZFzF9KTbnFULnLlpCFuklqySf7syAcEtwIKUKfKW9W5Q002gEjlKtRjlNbDo8NNHPuzE9bm5V8eyDIK0C2QBMrsiggexRb4tQmBpxWSYhRVz1ZZmeHAHsRmxPwp/7JCtpsLiDTRYs14rEhKSo7JBUfZIn8qjlsm/YdHd4KoOI+zFGNKnFCVuKWpRm6iozPzJ2rza4u5Rm/uej21qtCEfDd3XDYaXChOrkmJvsIO8k2tVKd7Ul3CcKEUS07vvBH0fCglMSkm3VRk+w9pp0U35mR1ppeVC7nmYlJM6o3O1oPIxcH2mqk85L1CHlFPhzNEm4Mjn8uc1Yo8ENxA0cUcHsO7oTqM3jr99JUT5TIaTcRIyzgTQYBEDa17VVcZclh1FgcrWDgRtH386RL1KzeRNzXFp0xIMcxU0YjsDFzXGyeUW+Jvvb0EVchFCVAI9r2YwLiUylWk7QlQJgj5mTGwjzCilvEE3DHpwDxG7KGS2VYcoUtCk6QI0IKVOSvWfEC1hJSghKmlBRuDV12kJU5Tz5uy7lKN5ONSMMeXHJOXssyrwcvaTp0kpKynaPFUXBPrpUAfb0rUWVPRRjEyHUKznWlL9w5v9IAGOdXtGAT8zh4Ojx67SWfHQGONHY4vy08lZTxGg/wDU5M5/2TSr6R02teP13DU0ajH03nJxZ8iWFgbltwD3KCKbP6X9h6wpIrd4KxSUpjWJ5229jYRaPnXk12vM/ueqWbzBfY2ZnmyVYlKZsk6oJHmIB08+Rk7chVNQb3CGMbEpeBc+QrDaRpBKQSenv9xovRktOATcW8takIWY5X4i1CbX2j/K5vvaqs6TbyE6dTTFA9zdTmHdgEgE2vYmBv7xtHyqLS4l1OM1li3kfHXiASYO1+tROTIp0UuB74HMJG99xc2+N467RT0wfNdjbjnJH1oO5M7jnYbyP1vU0Y5GJYGRm2LgkA6pJEddwfWxFJwSoaGaOW36Tb3tb86tQI6hGXvEcRqQSgFJKvIk2OlSgBJH8MAC53J51obCmnLczXUavhx1FkPZZ3esGzhmF6sS4EsMENPOJKQS2kmfIHLndJcKeURatH8lS16lyZd9RqyhxsvzDK4qBRSCAtWW2RoPYyVT69flVrALzuL+FxcpBm/PeotJJ4gBONe2bAqzTB4xLoUnCt5i08ClSFacY2yU6NaQg/vMMnVK0wL32rRUvhu9llOODD3P4idKpxTpuU3/AOsf7juT3oMGBPhYnTyOloz7Q7+MVP8A9LXLx5o/7v8AEDR/Fbp6k4ujV/8AmP8AkJmO72mDRcs4nSdoDRJv9kObVYXwlcyT80f4/wBUR0PxRtKk3pt6jXGXo2/3Fe+M41S3iXQgq8LxXPC1CCWypWjV66d7WPOK8V610qdrXlSnyvT3PqT4e6tTvbanVhw17f0yJvEvEOprxUkhSCCNpVyIsY2O5rPUKajLEuDYVXlZQ5+Du8VpQG/GKHYjQSR8pEEHlpJPyq5K031R4Kqu19MjvxHajj5K2cSgzEtuMLUlW5A1peBF5BICt9qTQuCxGSY9sh4txmOcQHUJaQ2QpxYMlRFwEgDYwN4IE2qnVSisouJpcCpxY0phwOJ/3cyoCZF94PW87/1F4ySqWVgdPDPHciQQUwIix25yYtsRUsUVKkdxx/66AiAZ2BIIEQOl/wA6miVnARMZjSpUzCb+u0zsPXlP304eMDiTiA+GopVJBIT1mLCNrkwNtoirlOG5TrTxEjFxchWLzLDMlH7t7HYRopBGpwKeQlaCuYHlXdQnSkKP8Na2xp4MX1OeYfvLuG2wEgAQAAAOgHKjy5M3LgTs2etHX8KsxWQZXfYa2NaINTqJRksI+mMbAil0nR4K8eF+05h6EmWyqPKv1+ydjz3ivo6cNPB8eX3Qq9v5oPOPQVnmm0LIIlJBKd7zBgXqIoRdSUN+ULGWZchTYVoTqtHO8+vQHn91Qzk0Dbi4qQqac7AC7y2VlnGoUAlKHGwIFiVNAajbey0CvGfjexi9NdfU+f3H1Z+DnWHO2qW03tGWr8wT5lxcoANgSTboDA5/l1rx6FsnJs+oqly4rT+vU9yrIFvOADSpyZCG1alC4PpETUtSMoISi4zaD52WcDupT+8VGw0LVAg3kTFx8aFSlnsGtKS2DvlmGU0gAJaVIsEKG46wLzfcj+tScNXYZrwxsca8dISmHEKQgyFKIskiRePXneo1RY9XCQPMt4h0rhDkoP1YO/xpzp45LepSSCNledkkW6AkxMi3SOoN6hYxi3i8+AEavMQVAWvpBkCOe1vanwiV5ywDTjXN9CCskEpBK0D1kCVdQZBi4t1ozbrOwGuJ9xnd3XLVZlxphGkafo2XLex2IUmCJQkpSk2iVvLSBtZKjbTB1thQaTyYfql1FvCLdjiqKaDOyuGNbOM48x9KuRjhFOdTLyzWjFBaZ/PpT8YGN5Et+x5muIWQK/1Lwzo0qZQCf40DQoTzlMffX0K5PufHceq3NCWYybXo3n+YN+NcbisAsJBXiMMDI1jUpCemuJgDblaKTVk2vTYWfVablJKFX0WybCz2XcTt4hsKSsKTvE/V9D69ZqKqnp2PP+u9Nq2tTTKLz7AE75XFAStlxK0rCFYlJCSFQFJZMwOcp+U9axvxJYKtbZa3SPcPwp1WqqKUcasc/dgZxTLeKaSUrKHFCUlJIUFARYg9Rt6Gvnt05UajR9cwqxr0lvuIPDHDeMKv3SC48k2KXA26IM6hcEna0j2NXqkoaVqRHaxm5uMWEjLcqzUuSrA4l5ZHm8VeoKnmVFwxEdN6FONPmKNNGjVX1MIWD7O80AC1+FlyCLKXiV6yImQ2zJj+YoB5TenqMX2I6mVsJR7LMXi9TJzXFPMyQtwKUG9zJSFLUpSiOqrb7TTKtSlS3ws/YrRozqbZO3gjgx3Bu+Ct1TrYUPDcWfNG2lUbqtagderGo8pJBehTdJYbyFw8WtISPOEAkDVNhe0ieZgT/iFVVTySSqpG/Ps3IAVrvKQnSuJSvnE8iQqeYG5tM1GCbBtasl3AX29drKGwpKCNCUgKSSASoqI0ETJIKQ5zMqM7itNZ22Xlozt7cpLZjx/Zsd4bLcvfxCsW6WMTjVtxiVIKmwgE6UKKQVNwtR1KUNF0kqTpNelUOkznbqpT5xweY9RraauXwWtZfxU0814rbzbzSgSlxpxK0K5+VaCUn4GhkqM4PTKLTKsa8JrVF5T9xvu4ufWasaH3Eyn7CjgwNNI0P4Od4X5j2/tSYEIJYN2Ffga+g5bnxfUWqAocY5N4rcgAqAtte159+lVovDIOmXLoVMZxuAzJez1SMWfDc8NK5C2ySkCd7ibekVchNJHqtx1eFW1XjR1NcMbHeS7H3GsKp7xAvRpWpIBsFHw1EGbxqQSTBge9C+oz8Sm8Gi+DOv0biuqCWH+mRs7Os9hfhEwb+GfxHvzr5+6pb4qPY+kreq6fATcU8tKw62dKz9b1O3X/ADoDLCjpYZtq0lPVEXcL2o4vWB4hBgCAVbD0Ji9DKijE1tO7m8JoJXCqXMSQXHVrTybEhM+sf3oXUvNHBf8AD1bsMGX5e40UJQhsMCQveQAPKERb6xuVcutCXVc95EsUo7CbxPlQc80GRMfjv+rVy3ElIC/HOerRKPAXCilIMphU3VAsBI5k308rUWt6OsCXNbD2GL2gdoj6Claly2gOlSwRA1ohuDP1ismUkTERtc7bW6zkz9xc74A69lr2NKn16kIMBAMjWQm5Sn7KSLGOYvY0TnONNJIHU4SrN54G3wziSlwXPMW32P6Fep9Dm5U4rthGcvqSalFliXYHxO8nBIeS660VoQF6HFJCiBBUYMEmOYV7RIO6jZU68c1Ipnyz168rWd9ONvNrEuM/04Dnwf21YlpUOrTimf8AElLbyPZaIac9lIaO8rNhQS7+HoVM+E8Mv2PxvUo4jcQbXqufyDjwX2z4XEeTxPBc/wCG+PDUf5TJbV/7a11jbrpNzb7yjlHpvT/iWxu8YqJP0fI+XMSPf1mhWld08ml8dPeOWiCmas6Tzr3rOT43oS1xHLkzoUjrVaawBrmLhPIx+Nsn8NzxE7EgnlB/QqSk88mp6bcKtT8OXoe8UYJOLwCkK+qtCkL9AU6TuOQ83umo61NSi0T9Lqy6dfKpHZppr+xWbxZkrmFxKmyCh1lxST6FKrKHoRCh6EV5H12zcf8AuH2vYXULmjCtB+WSTX69mGbsy4iTiWPNHiCzg9eo/m3+deb3VN41Lg01nVWvDDVwl2asLIUU61DmFHr0tPKsZXrSTweh29CElqDBk/B7bYBT5BzB60Pcssu8DtQ2AmSsBN5JsDbrsPhY8xSqLkyCUkhs5xm6Eok6YgyQZkRY7CrdOk28JFKpUS7kZ+0TtiaUsIaSMQ8s6UNDmYPmWd0gEXt7bW1FtaOEdUuDLXN5GctEFuN5rgBJPivq8Z7cJAAaank22JTPLWolR67Rac8LESiqW+ZCBxXmYSFEABLaYEAAbbdOo+FMw5yii1HEYyYKOEWJVMbCZ6E17j8P0MRjnjC/kYPqFRY/PJYj2ZYXw8Ey0YCgw1KPUoCj959a9AhtFI+RfiLVVvKtVJ41cjhCuu3v8KVozb9mfSsRyiR0VcbdKRxycortz69xYy/jXFNp0oxOIQgbJS6YH8uomB6C1D59NoTeXBBin1i8pR0xrSx9wXq7YEKWEuJDcx50mUjl5uY+E+sUd8HHATXw3KFNzovVjt3Cdwvj0lIKVJUk3BSZHzEiqdSLXJhb+2qQfmi0KudYHWiImaghJJg+1quFTKYxspJbcLSphVhNWVhmquH4kFVjytyNXe97IFaxjUJlJSG8RA5pkNr+KYbVv9VPWs31Oz8aLwux7h+HvxDCpT+RqPzJtx+z5X57/mRg4fztzDO60kzsR9odPccjyrxa8tHQbjLg97hPO65JH8A9vrBTBWGnPLKXDF5AsT5T1gG1ZG66breYmrteq6I6ZcheyvvD4ZKJU83A+sCtMR7n5+goR/pNV9g0usUMbvcQ8/7zuBWktreQpvbSPMFD4X+QNWafS6iKVXq1J8AW477wL2NPgYVtaGxbUTB0i1r2FxMmdrUbo21O3WZ8gGtdVLh4hwK3AfAyGQFKhWIIOt0nUpRMkwD5dPt/WqdWu5vC4CFvQVNapLcXM9zgbCSb7fgOZMbkUlP3H1EgNdpOJ0t6ditV/YX/AKUX6dS8WukDLuWmDOjsx4TU64hsCVOrSAOcbk/AAmegr6I6XbeFSS9dzy7rF7ClBzlxFPJK3J+zbEKUpzWErQBoTqmQB9sEgentyvWgjNd0eDXXWbXam1tJv+ZgyfMlm7xRfm4B8fLJPvTpSjkT5rpcF9Of3G9XCGO3+lddnHOX/LTdSIP9S6ctvD/gfIyLMB/6gH/nJ/FM0mtD/m+mv9j+A3O1Ph5DLgCSqDM6iPySKvxbDnRLidxSdSfPtscPD2cONKlDikE/ZJGw9PzqRwUuR11RhXTVRZCbg+0vEiAVhYtIUkXm9yIP31VrUYxWUjG1ujWu7UR7Z25rQlwgBdtp/Mk/fVOBlreCpznSX0nTnuVIxGFLbiQpDjagoW5p3HQgwQeRAqvLhndNuJ2t7CdJ4akv5lXPEGFAJjkSB8K8865bU50Jza3R9wWlWWYv2TF/LMkbcQCpAJIvy2BPK9eNTqShwzZKlGcU2tzozbgRnTqAWkxMJVbl9oH8akoV5ye5TnQguDdg+z1mBOtUibqHSeQFJVuJrgnp28Hyh38N5GhJgCBcmOcAb/rkKGzqyn9QVpUowWyHNmOMKUwIFyJ57moksD5M5MEmxJubb1IyJAn4yXrx2g/VTpCR6GT+Vb74YpxlWWUZfqs2sh/7suToOJWsiVNNJ8P08RWhR99Mj4mvfae2EfP3xnczjapJ/VJp/Yk/k31Ve/5CpWkeB3O7ifeHw4M0wRzaNTzIn5ffSpDozYlvm/wrsF6Lyj//2Q==' );
INSERT INTO "public".funcionario( cpf, nome, datanasc, cidadenasc, estadonasc, nomepai, nomemae, sexo, estadocivil, telefone, email, pispasep, matricula, dataadmissao, escolaridade, formacaoacademica, anoconclusao, cargo, funcao, endereco, ctps, rg, tituloeleitor, reservista, senha, escola, ativo, foto ) VALUES ( '968.543.333-33', 'Socorro', '1982-07-24', 'Catolé do Rocha', 'PB', 'Daniel Pereira', 'Maria Ferreira', 'F  ', 'Solteiro(a)', '(66)66666-6666', 'teste@teste.com', '121.35352.72.3', '12.922/1', '2002-03-01', 'Ensino superior', '-', 2018, 'Professor(a)', 'Vice Diretora', '968.543.333-33', '54333434334', '65487759393', '54237283372828', '000000000', '30c53cd88e0f2106b1471b4841803c38', '24032239', true, 'data:image/jpeg;base64,/9j/4AAQSkZJRgABAgAAAQABAAD/7QCcUGhvdG9zaG9wIDMuMAA4QklNBAQAAAAAAIAcAmcAFHdOSzlCdm54ZEF6VjhEeFdZSEE1HAIoAGJGQk1EMDEwMDBhYzIwMzAwMDBkNjA1MDAwMDlkMDkwMDAwYjEwYTAwMDBkZTBiMDAwMDhmMGYwMDAwN2ExNDAwMDBmODE0MDAwMDBhMTYwMDAwMmQxNzAwMDBlZDFlMDAwMP/iAhxJQ0NfUFJPRklMRQABAQAAAgxsY21zAhAAAG1udHJSR0IgWFlaIAfcAAEAGQADACkAOWFjc3BBUFBMAAAAAAAAAAAAAAAAAAAAAAAAAAAAAAAAAAD21gABAAAAANMtbGNtcwAAAAAAAAAAAAAAAAAAAAAAAAAAAAAAAAAAAAAAAAAAAAAAAAAAAAAAAAAAAAAACmRlc2MAAAD8AAAAXmNwcnQAAAFcAAAAC3d0cHQAAAFoAAAAFGJrcHQAAAF8AAAAFHJYWVoAAAGQAAAAFGdYWVoAAAGkAAAAFGJYWVoAAAG4AAAAFHJUUkMAAAHMAAAAQGdUUkMAAAHMAAAAQGJUUkMAAAHMAAAAQGRlc2MAAAAAAAAAA2MyAAAAAAAAAAAAAAAAAAAAAAAAAAAAAAAAAAAAAAAAAAAAAAAAAAAAAAAAAAAAAAAAAAAAAAAAAAAAAAAAAAAAAAAAAAAAAAAAAAAAAAAAAAAAAHRleHQAAAAARkIAAFhZWiAAAAAAAAD21gABAAAAANMtWFlaIAAAAAAAAAMWAAADMwAAAqRYWVogAAAAAAAAb6IAADj1AAADkFhZWiAAAAAAAABimQAAt4UAABjaWFlaIAAAAAAAACSgAAAPhAAAts9jdXJ2AAAAAAAAABoAAADLAckDYwWSCGsL9hA/FVEbNCHxKZAyGDuSRgVRd13ta3B6BYmxmnysab9908PpMP///9sAQwAGBAUGBQQGBgUGBwcGCAoQCgoJCQoUDg8MEBcUGBgXFBYWGh0lHxobIxwWFiAsICMmJykqKRkfLTAtKDAlKCko/9sAQwEHBwcKCAoTCgoTKBoWGigoKCgoKCgoKCgoKCgoKCgoKCgoKCgoKCgoKCgoKCgoKCgoKCgoKCgoKCgoKCgoKCgo/8IAEQgAoACgAwAiAAERAQIRAf/EABsAAAMBAQEBAQAAAAAAAAAAAAQFBgMCAQAH/8QAGgEAAwEBAQEAAAAAAAAAAAAAAgMEAQUABv/EABoBAAMBAQEBAAAAAAAAAAAAAAIDBAEFAAb/2gAMAwAAARECEQAAAW/EdQp8++0y1SPXbSE8w2AU+ll+yrGWQMQtoqpeE7pjTc+Q2Rs/FnxpZerfN9Q7jTseVP0qe5TRtOOk4u59T49WjyNpqw1y48085aWroU5iShlag8YT9fBYYdK9Gto4iliWKYr93e2AxgbPSLqVraZZJHZtzU0PGHElM0uvd0E7QzdRvIVo48uX8p/beVLPAVk4NUtELmqTSE26s5F9reQcqzJV4EoVqc1Bw8at7Ufn13H2KHJcyh3oRlOM4SPn0e5JvOBAl6jpkI1p9cyKt79rBVN6UVRQFAeP25jKM2yWbp80aRyD6TsAv3zUX5y3NeRThOlmU65ROKdy0xvbZ4CupnntUVYDoNhX4K8jjrL84N1czmaIa2br8+u28hWF4kGKrNRUs/ole7Q0UIhT1doaW8PTB6qpoDSKuyRT6nfcLM9L5CqDygRUlz/RQlMTYO/ZeYOb2AOKqNFrTkQiaLOj4qkTUE9JOfY6HLJ7ca6PqzXUKXfHYHJe/ajmoCQ1D6RIyUtEvsahCsqN/MlLlN0wbv0LmevRAfMmHhglG1L7fnSOzpivbAdEwWmpVCtg+1y95/C7hWJarffngPvnZFwZP8A33j741/V0n+gIdv8AcaTU6PU7xTWpIpK0/wD/xAAmEAACAgICAgMBAAIDAAAAAAACAwABBBESEwUiFCExECMkMjM0/9oACAEAAAEFAqYIhwF04VHJq6yUcj8evrP4o27DC5VbK/8AirkV+QvkTRdtLTTfzSl5d3fzbnzLlZlz5tz4mRPFrYuoyMtm8NgHeRW2Afs1i6DL8p7n5R2u9215R1FZQsolXCm5v+Xc0yxAuMyMwEnT1ulutxpr/Jkkym0OneQyuRkX3uVBKL43eMd1MhHYPG5q5qdlQVN45DyYdLdsKtFpPhOe7Pjz8xk+139jjGYmg1wbgXK1Mc4sp5BVztYFfI9L3LtgOStQB5I++xrrxyEWxa+xTK6plM5sxV9jAqqEw3HY9QhsCWe4v9Vfr9GtyKE7XRTqq7cTTpjuKR5d3IDZ2BbmnxPyDrh3MEdLGahVMpe5Xra69U/ioQUd9VTqqG/cLpZjrYd1cG7Gz3ph0THEq32yqi8w1inIFqsrNBV/JNt3fOvH024n6lVxsB2wq4wmVUybxDFRkkxMmRy6SXyNg9pdZQalw5gNOjZ/2VsYuVZWzHLtxk5PYKfdh/dPxncn0sDA9TIrjdZTNbK8Ztw5iiRkVcbpfIcDH1PI4lqYhFnZKpdpxLscBljdES2YjL5fVXx1MdRNIxsSFJT4/KiwymSm10UwC45VMrVciPDbS2ZLBbFpXd46ErsghlrKXETmUC+UQRYrchf+zgZu5zUx1ZK9eQZ2FcG+B/RCnn2rx7OzxyUppkZL58Ea62FvLSPZSvWIZ78KuZYv3gr7TIxXWSv/AAgleSvIDhC/ZhMlVB/cShsctVOXaxK/LCtWNz1MTKoSI+AqyupyG9y1LJyMbLUurojN6/8AXq/hNyDXcKFOZc8ZvMFXXJWqHIyVjRZ268hlXkM/YBVVgeS+8rGPWJkMCsaqcWSHtgLasm/mcnmA4bTHJC1fwK2WP9SiIYbnnXHV5mR9RYEw8bDBUT+ouZWHxhgRgsSddB8PEK+yHdAaF10+Y+suYo7aqvbUO9U9nASvldVu8RFIXqIr2SMCLE+IHczNaLa7yAN0Esml+T5XnzAr2GvurjLrT2dhzxuPKlRFeya+qqKbfTju7baNWVVdH1AEtvEvKf8AumB9XLme7dzET3OGVKmN+qgxB0tqS6SPkd5KTSa3MYsN2Plr3mzC/mW/qD+eNHShHVSpjVFyrhNC8hoARMLRDelmYpBHrWazuyphRz6XDKzL+eLG6x/4MRUCVFCJw+Sx6exGIY0wK+/J2rGxf4JkMu7u/wCCPIgriEqL/VQZU//EACgRAAICAQMDBAEFAAAAAAAAAAABAgMREiExBBBBEyIyURRCQ1Jhcf/aAAgBAhEBPwGfApfY3owxpZIxb4K4rGGfh1z+JbT6XyRt9GxPg043IS/bf+kIubP6RCS8le5dUrIYZZQ4PDI1/wAiEsDl5PTyitaI5FwIrnpYuDra8xyvBmRqxySiVw1PBZuzjgc3pNUvs6O5yhiXg6iLVbHIf2b+Cga9w6h1JxFUyqpQSwacxaZZBweBRzsNbYK21ImJ5FsuSBO5QSIWRsWx1kPdldkV4aLZeCkWESt0Idjk9yDmljODXj5bmcj2ExvLKV7e1k9TKY49zE9y2ZlD3Nu1XxLp/pRBZfaJYjwee6swsLtSt89oomf/xAAkEQACAgICAgICAwAAAAAAAAAAAQIRAyESMRAiBEETMkJRgf/aAAgBAREBPwGGONmXC3+pNN+j0TU16sxYVJpojgUHcTnKPZHJy6ZbLZjyu9H5pSZnk7WT/CabkuPQko+JIbcJWiM+atCbGqaG70ukZK+j48PtknbLOzIYZU68OFrRHW6NsSo77FHZo+REdrowZZZNPsVdDca2Y5Rb0fxFksWR8h5aHPm2jJs+NCHNWP19mRkuV0Y1FSEVRN19k8qPjw5XInBp0Yo8GcLVSJ8YuomNp7Ib2ZidyIYFJiiook4s5WqFn+mdsgiCqJmexRshDijLO9IfQhx/oh3TIevbMf6oy9mKH2TfFeJvQmaEtEIcvUSpUPHb34zvVeMj8f/EAC8QAAEDAgUDAwQCAgMAAAAAAAEAAhEhMQMQEiJBEzJRIGFxI0KBoTNiUpEEgrH/2gAIAQAABj8CpdDWZAQyA+6Kp+rUJ5R1GkU90dX2lajIK8E9ykGyEELa0qoJX8a/jX8a/jXYuxX/AGndTKXOMBfNlpfLXrT+0AaOB/2p8L6YlECKq+W79qWH1DTELddBt/hUO0VKHREhb2gf2R3akHv5v7I4eGdk5UplUKh0lQ5amd3pDjiQCJsoadq3SPlSUADDSVBKDi7VC2OocpXleM4dcZam085Q8Vy6GK7ZZaem1YeHhje1b6lRGl3CM7SoeahOK9s6ZVQB/GUFFp4yqmh/ePuCYBudCDgflEhwLRW6w+SEWS2tlW/rrZf1/wDMv2pzhtAuowulo45K10gXR0iJQcCtb5at3byvodTp/wBjVbZB9igXO1DxytQWkDU5GwXcPyu3aOZX5soTgPlVylj4cpamjAEGN02RlocOYW1jRpW4z6KLSw7TWydKoYXurrULxCFUPa60moX0zIKjC3Kya5mJMjjhQ+qc6gaTGZDb3hbwQfdHSCqXWqNh/S2+Fuui53d4T2p0dpqECVWxy0tTg66DoNUwgga/KqaqTkPdVWrxYKX0T9GFQqHNh3tRS1g+U6FFoWg8WUoUkLkJvUw4E1cnvPYayjhnDdH2mE4YgHTFfyrzFkYtk13ham/hFuI6BwU3e0yp2QiW4ZbHK3JwddPINJXuFJ/KHKlohfVnRKdiYhlsQ1e6djG6c/AgTcHhETuGfTN+MrKSJUR8JrY2tTnh0OsFIX1WwP8AJqDxUOsQtTxLfZBzTQp7MQyftXRFNN5QDblaEeZR0XzDpqFPPKCoq4gAX0xpb5UfaMhq4Q0M2CwsteLgvb7ioQA1aU5z8R2A3xKo34d5TMVvYe5QtQiRdSGmFuyCIUgqC/apcZWlmQawSVLtz8+r/wAan+TOPkJuPigEtEWWqKqhrMoaTdHDxP8AaGjkLQPt9UmpUlQLr+5ufSWu8IBjdLwbIBwotOHVpsmj7wsN2GfbSsbX3TkTmS6wU8cZdV3/AF9XUu0IPAhvlND+0lPZh1ANEMR74KcPPhYh81yOfTbYXyDeLlQLD1OZySn4RECUA4Lq4eI6LEJxOHtRDrp3NB6IHec3uHc4x6wQCHjyjiYtMQ291qdVrhHwVE6qVRIjtgtXWJ1AUhYjxYnPyfCLnXzk8mnrD391l9M6x78IEv7bLtMVkol8Ok1WMROs0bntMKTXMN8lBosPX//EACYQAQACAgICAgICAwEAAAAAAAEAESExQVEQYXGBkbGhwdHh8fD/2gAIAQAAAT8hqDL7ZUCJsLxL/Q4nsHEKlbfBU2sCi+pk8bl5U5zoCI3QiABWXfa5iQch5hCxPcwqPYxDa/qe9+YaV49w7kW5QZvO5z3oHs7cZuEzxfBcK+a5deoKexUzMCtTQ5sehLkb2UleBltjmx6YqWWbRfI18wkN/wDO4rLTq4kc3NZpLxvwDI2GFdw6iyxFwLcrwlLf1kZ+Kz+5SrN6QgpdxZWIgIoYRc1WznbL9mBuwRbZUyaJmJOEAeycxDrmeiCcRZxG2r1KnMZ4S0ajjtggZuu0f7bprTGT7GsSl2rh6l5VLRExwGDqNBilTaFJTwwr7hVcdMvrHqlVdcyjnBw/cxg3mX1DlFxgloAOourndS2Oy0/UwVOWMZFzbmBaWFfcD5ColC6XEcFgUE6MzqVOlQOl7nWu8dC7IG2CV9TkERgvL4gOthjkIgDEHMKze9+p2Gi0jriO9T22M+YpR54czPXMoPfkDmBCx7P4g0tv15dxNXGN1z7gwh8Jj/1PXPWRhXnv3FSTXGYLVgbGWIGgHbGwXxi7hdlqgFsh03USUFRAsvkmhd5YWtuWksj9RDQN9EShiLoLlilnBhcBU2tWPrkhKYq6PSe5H8xeckL13OQlnFegxAr2cnDLGVpyiWKng1MhLHWoqip3ce5Zk1KXS1KByO4yrZNh/cto2tsoLkYwxGWjLF5hi6XusDMvcw7SEvbUou6cB6n7AwRA5TxG+KYVg8V1A3UKUIbV75gUagNx25pKX0GTmY3pQgdT0pi5bA3XMZG38qc7FnepQKV4JgqWucTWLLD3U3BSVXk4fiYDL+Kdr9wGqGElHDem4IdVQ8GFFF9MT20mZPgJJpQ/JFfAEGJ9Msv2F2v9RqgOXlHlh2yy54eHpmLFqj+IwbBtlGfSGJUeJSv6GXsfikuyDJ7ETEVxRSKsVlVCeEqwywIbZI4m1cAWVS4+sIQ2qLkllrC51qExFzq/iEX2nYndwrCSLgCp1Qmc9cvuCleGKIAUwm5qwvqLiKBWJRgOgTVrca4l4Iq5z1MzCuacePklZfhn4Tn3MRrAIPnOal6SjCnL2zh+Yss7fpLggFsdHyQUP/UYl7s3GtSslacEUuAu4O0oucm+Jn9sXKXgjmFUKjLouELm0wBcTDNY4I2zMoj7TCL+8saqj5bZQD1+4YTcU4S+4kF6X2n+mYfh13KbAw6Lcr0M3yTWJpytiuF37Q6jZyPbLqO5QvcFvsiAq5gc6Epkw7jukO3wwBZQU9jo+PHUSunhky16O/XMqojBpKzucPVPUfJKsuCdAYZixRr3jCwIVTVb9+KP1Ki/UJSgIfwMcXFVLWMQWsBKxh/4UIwpgIKImkesBgCGnEdCLS4iBy/URAHJCHKKqxJCth9eLetKvAuFWZYr6nA6PFRXl0/uC4Jiw/ASwOC1uLj8qKAWlbE4cinzFY6xhbEzzdcvjwvkTCSzpxMn/uvhPmr6lNNYIPAysE0nMgCPNzlcLfCylenRcFKfQwIFMN5v3GOlNJFuJQLPAu4Yn0C+vfnqQcow8Cc/lEPPQ59xa0pQ11iYGl3+Ql5UnVkgxrQauau0hzBDVgnrwsQlv0QtFryYOhGLhBmVB5snOc1TyRZWrjkv8QVjWsPcAFSR1zRFUTVPUpRcDtfJsDpFPL4Yx2wIWolHmJODz//aAAwDAAABEQIRAAAQBQlKQU4bLcg81+GuwFT+uw2om4y4ghuRHyRiJ6pFBM6ydLh2RQnzRKSNpcA8EdoMFDU6Hs2ll83TwEHH0VxAVx1h3x5kzBouaDvd/8QAIxEBAQEBAAIBBAIDAAAAAAAAAQARITFBURBxgaFh8LHR4f/aAAgBAhEBPxA08SMuqPMMgckIvh83cH8WDF3+ZVk5WfGQYfdoaLdd1EA+D4/3dh7b1jwt3GTB83mgf392yJtYCX+/aRVebTo56tF+/wDEQxYuBvJrltb3P0wXhjTOyRfN51yeJYrVliJ5YR7GDf8AE+vsvgtJDreIpuxIGxOvIgXMc+lx1riZIXKahg7kU3xeVyu5DVQ/iCm7aR97uf4t2XJ4CQMZbHzCOJqq2SH4S1PW36YPP5Zb5w2lrLWerzFsNhqXCTl4s/stpo5HLsNbDnk+ZcH0TPG2Pbd5GGrcG2Ob8fRaN3raqFy2Hb//xAAiEQEAAgICAQUBAQAAAAAAAAABABEhMUFRgRBhcbHRwfD/2gAIAQERAT8QyKXcqytO7mChHK7loOyK1VbPf8inAdS5cVbh7s9yXar/AJCtEqCFgbVbe/yZ3/LxiAdRyY9Zk1pOXL9sdksETV5/EUk3oLrmEqNlYZRywRcWbHBbqpUxL0EG96gUwQBs5mXokRuqFfO2No7lAUVEk4RBUCBZisQAyQQLJk4fh7jAplOIUikUpvqawDRhoSEGpgHMuqGi+IV5ECTN3PMwUlAK4lkqZxn6lRMBGLC4jEiXRZ/I+dlyL5lASyksQsm5c4ph6AU0r8j2Pi9QNnJr2jVnqDec2XqQlHoHIBgt+v8AEsJc/cIhxAugKxKR3hOODP/EACYQAQACAQQCAQQDAQAAAAAAAAEAESExQVFhcYGRobHB0RDw8eH/2gAIAQAAAT8QsE6ymPEa6MHW7N5bKJsDEBVoyoFztIdDSXdZHi+HEuLDKNzeD1l9zVlFZappK0zMx8kahp6hpm4QlJpGUNEQg4UmZb+9lfugAXJ6MUhSq65Z+2ZQN+9Y4Ad9yvJ6nFCVYnQmyBwx3Wg+ZY9ed8IFALWrL4SLgwacPUXFgFa5F8yu7p0rlgPsA3/USHGmmDzzDXszlH3B/dVlM8dizdQfeW61+JTs29lZg2qvUVgLcHRV8yykXEFKC5r02ipQ5wLgHk1QMATPg20acjZwCoSvfdMlqEptxwh4gUB73XW963AIiDMP1EU7A1U3ZZWDcNppm3TDVxwXLemZYathheyJHnPE57gWwe6WD+4U5ozdtRLVUA6bwYo7/ZGrq7jTDg1excC62FNNvMusrbFg7MQcQVsZulihfz/ZKLR59AlAXQmEbr5isMq4IoMxh0xGlUdaNoNbRyM0WudGfZM6zHDoPERCuWueybhSwuO/EOGSs86+h+8xYpgublWG9FTFpnW+YENYEF4w/SHKospt9zKFYjQrdKQqohS2AACxqK/mDC2gvQTOOyxQBzM9hqHY2h12XMKIwSpSEirHyxN7cGUARMY4fJ+YnKt3bF4uEhmpOeT9TALKOVGTb+U2ZRFAoWCYnMGDRIymlwXok7mt4CYyFU9OpZBWVrlpMAYRVKsUbAwUSkuABZldR2jKc9S2JTlcKm3iFsscYC9zJANGkXfCLS65vN4nuAapwasG0Lt/+h8xKhdazTqaAGvEoyt6jxFQOLHmIK4npC5UpsYuDTxENYBdlwURNUVnE1VrLss9ys26HStmu6l07QzkKNPrKCr6VUURqU6PZ+ZhlTCtRigtAH5GDCKZFLpeoHQkX4ML5IZFN8lEHdgGu4IPGbOoqLQw3gf36xBiiKuD+5gQDcHZiiaoEHaDbv4goGa1AeSZSiIC5sa/EEKtbPocEvjczk95m09S+k1fcZV5Hw7wi6HKYgA3soWrjiDIag79DL1Samgq3LVGXeU6+okKkOEVlrzN3jBiOw8RhwqA3SsfnHuInCDt22+spNWgOq/241AoUISsONbowQEOpF+YvmtZAwSwODWerxEEtu1fuFkVZZOsRK4MEFU5bmNiZa10ksLuy0+GWAc4aLaXvjSoO/P1lvaJuQtm5qPUoyLA5YG59PcHpoLrV483LPNk0CrHz1CSwNhyHwSsr5QHNfX6Ts+Xdb+pdB0U8XyReRnWbx41Iv0i6H3NmCC5YpUI4hmwWycwZBLrEvNRILTR6YM/E2Jorvi/xACiDAD6g+5Qxg7YGq00Fi9TH4s2678Jh1MtR7rWAg1yNF9uksAqw+Q+8LFwExkyloQCm5xForLbmnnqVT8Yp2TGAxpa7h2dFri2IBJRUwmbjSWiuicMoPbIW4+ZRR2q4BzK9AqcaEpY3Joh/wA61lAwSbZMQUPXYkFvIv2hwSi8gG+GIA2ouhu9xIugdCGsKyQRWLLURY1H7H2+soEAPS/1tKJjVTc3PW0LsTJ7BMDkixWuyqeImHS1IyYbc3k646hsDdUAalcwk9XCqEBLqSkXnHiOeKA0N+FytWIVwIKVeZVk7tWwDPWiutsnqUtQTqJdxoEnkuoC4DAVp8MAIBNhkmmEA4eDxDZ4Mxb1A39zGhtwIf73MCsDuf1PUowncD0+ckEJDFqutUlAhULpDuZwpJTh1fiJEcEzlnPmGkYYhrky5bWC1SkuFsHaREvtTQtW2AUbzrECgYUwjqVpMM6Bsj11BygWWQoq0uhMGPxVk6DMSU913XEshvQXduYQKc3ZEhGmDlOIEjIOga3zE1VImXmrp5gRLaFBxfHiD+lrB5X48Qq74jYExk/cGQJVgEFk0opGU6JLPAmxrAv9uY2heQ6jVXmV+aiIPd0H8kqrGS2yWwcVQ+efcyiyLeCWqQ8Kn6jgxxFTvgNu3g7gu+yWXp+WMpd9RQDBVRA25qp30IddnlAGYrCTR/7BN4IOVqUl2BIPALk+IwadM3lMaC4tsQVWsR37iFgrIcv/AASpROCy3jFKJRoWTXz7dI0e7DY9EScq1iXmgNVdCWoAj+J0RlMT2sTITVPmWVYABhO4YhpjFOU6qWEKB0cy5rrHcl16g8Iq0W8jHwsKlU7wVeltBQ4/jq4ECzYlCuhBVGWHAShD/Qzdi3glPjiJsb/iSxZNOaQSkWYsSxED5jkhwTLqW5p9xeQzDSZcArNHM3EAtaFdpdzVTPTAAGJq03Qft/F4dIECNIzQVKDqFyPg8H3jELYMDY6/OnuHEwqBoVtKo6ltnMpLqMkRXQJVkN1tKQrR7hZ6YlNc0mK1jwg0Kp7Z47jgtdiyvV1Egg4Ho6lgdto4v8/xW8I6t4N4AOUen+sTVza3ld2P/JUjAXgC/wAwtpGXmBLkqNYtH6zAGUE7/Ahw8OYCJl9obDqNEooKSMblP3Iw9icnjyJLmc8KFo+ZQyJsLbTeCZar0Bg+38CYJdQczcnv28EvQe12OjqbRxXmZQQHcd/pK1E7RkYzPVrmAXEITBa01iu0HUrSBhWUV8bOkGxdSiKy96wVUcljch6YNbhJ3xeCawvrwmhhCPRb6mn8IBbbms1kZJaypgTAuJeLYelCLojkguWjzKKN46CKf//Z' );
INSERT INTO "public".funcionario( cpf, nome, datanasc, cidadenasc, estadonasc, nomepai, nomemae, sexo, estadocivil, telefone, email, pispasep, matricula, dataadmissao, escolaridade, formacaoacademica, anoconclusao, cargo, funcao, endereco, ctps, rg, tituloeleitor, reservista, senha, escola, ativo, foto ) VALUES ( '026.898.294-52', 'Sueide Maria de Medeiros', '1977-05-16', 'Caicó', 'RN ', 'José Pereira Dantas', 'Otaciana Otacília de Medeiros', 'F  ', 'Solteiro(a)', '(84)00417-3564', 'sememail@email.email', '123.11112.22.2', '12.173/1', '2018-10-23', 'Ensino médio', '-', 2004, 'Auxiliar de Serviços Gerais', 'ASG', '026.898.294-52', '987654321', '1669132', '161743616143', '000000000', '27d81fcd15e2dcf8ada0b82ee9b1a3e5', '24032239', true, 'data:image/jpeg;base64,/9j/4AAQSkZJRgABAgAAAQABAAD//gAEKgD/4gv4SUNDX1BST0ZJTEUAAQEAAAvoAAAAAAIAAABtbnRyUkdCIFhZWiAH2QADABsAFQAkAB9hY3NwAAAAAAAAAAAAAAAAAAAAAAAAAAEAAAAAAAAAAAAA9tYAAQAAAADTLQAAAAAp+D3er/JVrnhC+uTKgzkNAAAAAAAAAAAAAAAAAAAAAAAAAAAAAAAAAAAAAAAAABBkZXNjAAABRAAAAHliWFlaAAABwAAAABRiVFJDAAAB1AAACAxkbWRkAAAJ4AAAAIhnWFlaAAAKaAAAABRnVFJDAAAB1AAACAxsdW1pAAAKfAAAABRtZWFzAAAKkAAAACRia3B0AAAKtAAAABRyWFlaAAAKyAAAABRyVFJDAAAB1AAACAx0ZWNoAAAK3AAAAAx2dWVkAAAK6AAAAId3dHB0AAALcAAAABRjcHJ0AAALhAAAADdjaGFkAAALvAAAACxkZXNjAAAAAAAAAB9zUkdCIElFQzYxOTY2LTItMSBibGFjayBzY2FsZWQAAAAAAAAAAAAAAAAAAAAAAAAAAAAAAAAAAAAAAAAAAAAAAAAAAAAAAAAAAAAAAAAAAAAAAAAAAAAAAAAAAAAAAAAAAAAAAAAAAAAAAAAAAAAAWFlaIAAAAAAAACSgAAAPhAAAts9jdXJ2AAAAAAAABAAAAAAFAAoADwAUABkAHgAjACgALQAyADcAOwBAAEUASgBPAFQAWQBeAGMAaABtAHIAdwB8AIEAhgCLAJAAlQCaAJ8ApACpAK4AsgC3ALwAwQDGAMsA0ADVANsA4ADlAOsA8AD2APsBAQEHAQ0BEwEZAR8BJQErATIBOAE+AUUBTAFSAVkBYAFnAW4BdQF8AYMBiwGSAZoBoQGpAbEBuQHBAckB0QHZAeEB6QHyAfoCAwIMAhQCHQImAi8COAJBAksCVAJdAmcCcQJ6AoQCjgKYAqICrAK2AsECywLVAuAC6wL1AwADCwMWAyEDLQM4A0MDTwNaA2YDcgN+A4oDlgOiA64DugPHA9MD4APsA/kEBgQTBCAELQQ7BEgEVQRjBHEEfgSMBJoEqAS2BMQE0wThBPAE/gUNBRwFKwU6BUkFWAVnBXcFhgWWBaYFtQXFBdUF5QX2BgYGFgYnBjcGSAZZBmoGewaMBp0GrwbABtEG4wb1BwcHGQcrBz0HTwdhB3QHhgeZB6wHvwfSB+UH+AgLCB8IMghGCFoIbgiCCJYIqgi+CNII5wj7CRAJJQk6CU8JZAl5CY8JpAm6Cc8J5Qn7ChEKJwo9ClQKagqBCpgKrgrFCtwK8wsLCyILOQtRC2kLgAuYC7ALyAvhC/kMEgwqDEMMXAx1DI4MpwzADNkM8w0NDSYNQA1aDXQNjg2pDcMN3g34DhMOLg5JDmQOfw6bDrYO0g7uDwkPJQ9BD14Peg+WD7MPzw/sEAkQJhBDEGEQfhCbELkQ1xD1ERMRMRFPEW0RjBGqEckR6BIHEiYSRRJkEoQSoxLDEuMTAxMjE0MTYxODE6QTxRPlFAYUJxRJFGoUixStFM4U8BUSFTQVVhV4FZsVvRXgFgMWJhZJFmwWjxayFtYW+hcdF0EXZReJF64X0hf3GBsYQBhlGIoYrxjVGPoZIBlFGWsZkRm3Gd0aBBoqGlEadxqeGsUa7BsUGzsbYxuKG7Ib2hwCHCocUhx7HKMczBz1HR4dRx1wHZkdwx3sHhYeQB5qHpQevh7pHxMfPh9pH5Qfvx/qIBUgQSBsIJggxCDwIRwhSCF1IaEhziH7IiciVSKCIq8i3SMKIzgjZiOUI8Ij8CQfJE0kfCSrJNolCSU4JWgllyXHJfcmJyZXJocmtyboJxgnSSd6J6sn3CgNKD8ocSiiKNQpBik4KWspnSnQKgIqNSpoKpsqzysCKzYraSudK9EsBSw5LG4soizXLQwtQS12Last4S4WLkwugi63Lu4vJC9aL5Evxy/+MDUwbDCkMNsxEjFKMYIxujHyMioyYzKbMtQzDTNGM38zuDPxNCs0ZTSeNNg1EzVNNYc1wjX9Njc2cjauNuk3JDdgN5w31zgUOFA4jDjIOQU5Qjl/Obw5+To2OnQ6sjrvOy07azuqO+g8JzxlPKQ84z0iPWE9oT3gPiA+YD6gPuA/IT9hP6I/4kAjQGRApkDnQSlBakGsQe5CMEJyQrVC90M6Q31DwEQDREdEikTORRJFVUWaRd5GIkZnRqtG8Ec1R3tHwEgFSEtIkUjXSR1JY0mpSfBKN0p9SsRLDEtTS5pL4kwqTHJMuk0CTUpNk03cTiVObk63TwBPSU+TT91QJ1BxULtRBlFQUZtR5lIxUnxSx1MTU19TqlP2VEJUj1TbVShVdVXCVg9WXFapVvdXRFeSV+BYL1h9WMtZGllpWbhaB1pWWqZa9VtFW5Vb5Vw1XIZc1l0nXXhdyV4aXmxevV8PX2Ffs2AFYFdgqmD8YU9homH1YklinGLwY0Njl2PrZEBklGTpZT1lkmXnZj1mkmboZz1nk2fpaD9olmjsaUNpmmnxakhqn2r3a09rp2v/bFdsr20IbWBtuW4SbmtuxG8eb3hv0XArcIZw4HE6cZVx8HJLcqZzAXNdc7h0FHRwdMx1KHWFdeF2Pnabdvh3VnezeBF4bnjMeSp5iXnnekZ6pXsEe2N7wnwhfIF84X1BfaF+AX5ifsJ/I3+Ef+WAR4CogQqBa4HNgjCCkoL0g1eDuoQdhICE44VHhauGDoZyhteHO4efiASIaYjOiTOJmYn+imSKyoswi5aL/IxjjMqNMY2Yjf+OZo7OjzaPnpAGkG6Q1pE/kaiSEZJ6kuOTTZO2lCCUipT0lV+VyZY0lp+XCpd1l+CYTJi4mSSZkJn8mmia1ZtCm6+cHJyJnPedZJ3SnkCerp8dn4uf+qBpoNihR6G2oiailqMGo3aj5qRWpMelOKWpphqmi6b9p26n4KhSqMSpN6mpqhyqj6sCq3Wr6axcrNCtRK24ri2uoa8Wr4uwALB1sOqxYLHWskuywrM4s660JbSctRO1irYBtnm28Ldot+C4WbjRuUq5wro7urW7LrunvCG8m70VvY++Cr6Evv+/er/1wHDA7MFnwePCX8Lbw1jD1MRRxM7FS8XIxkbGw8dBx7/IPci8yTrJuco4yrfLNsu2zDXMtc01zbXONs62zzfPuNA50LrRPNG+0j/SwdNE08bUSdTL1U7V0dZV1tjXXNfg2GTY6Nls2fHadtr724DcBdyK3RDdlt4c3qLfKd+v4DbgveFE4cziU+Lb42Pj6+Rz5PzlhOYN5pbnH+ep6DLovOlG6dDqW+rl63Dr++yG7RHtnO4o7rTvQO/M8Fjw5fFy8f/yjPMZ86f0NPTC9VD13vZt9vv3ivgZ+Kj5OPnH+lf65/t3/Af8mP0p/br+S/7c/23//2Rlc2MAAAAAAAAALklFQyA2MTk2Ni0yLTEgRGVmYXVsdCBSR0IgQ29sb3VyIFNwYWNlIC0gc1JHQgAAAAAAAAAAAAAAAAAAAAAAAAAAAAAAAAAAAAAAAAAAAAAAAAAAAAAAAAAAAAAAAAAAAAAAAAAAAAAAAAAAAAAAAAAAAAAAAAAAAAAAAABYWVogAAAAAAAAYpkAALeFAAAY2lhZWiAAAAAAAAAAAABQAAAAAAAAbWVhcwAAAAAAAAABAAAAAAAAAAAAAAAAAAAAAAAAAAAAAAACWFlaIAAAAAAAAAMWAAADMwAAAqRYWVogAAAAAAAAb6IAADj1AAADkHNpZyAAAAAAQ1JUIGRlc2MAAAAAAAAALVJlZmVyZW5jZSBWaWV3aW5nIENvbmRpdGlvbiBpbiBJRUMgNjE5NjYtMi0xAAAAAAAAAAAAAAAAAAAAAAAAAAAAAAAAAAAAAAAAAAAAAAAAAAAAAAAAAAAAAAAAAAAAAAAAAAAAAAAAAAAAAAAAAAAAAAAAAAAAAAAAAABYWVogAAAAAAAA9tYAAQAAAADTLXRleHQAAAAAQ29weXJpZ2h0IEludGVybmF0aW9uYWwgQ29sb3IgQ29uc29ydGl1bSwgMjAwOQAAc2YzMgAAAAAAAQxEAAAF3///8yYAAAeUAAD9j///+6H///2iAAAD2wAAwHX/2wBDAAkGBwgHBgkIBwgKCgkLDRYPDQwMDRsUFRAWIB0iIiAdHx8kKDQsJCYxJx8fLT0tMTU3Ojo6Iys/RD84QzQ5Ojf/2wBDAQoKCg0MDRoPDxo3JR8lNzc3Nzc3Nzc3Nzc3Nzc3Nzc3Nzc3Nzc3Nzc3Nzc3Nzc3Nzc3Nzc3Nzc3Nzc3Nzc3Nzf/wgARCAPAAxwDACIAAREBAhEB/8QAGwAAAgMBAQEAAAAAAAAAAAAAAQIAAwQFBgf/xAAZAQEBAQEBAQAAAAAAAAAAAAAAAQIDBAX/xAAZAQEBAQEBAQAAAAAAAAAAAAAAAQIDBAX/2gAMAwAAARECEQAAAeuGXz9oDAAhFVlUSFGdGUiQBkBCCKylaspeJJUR1riczrcmGsruxqac+jG8lF1HSBkemWSHMMUKy7iurpZpzasVsmvGiV2JuwglCac/TmARZHR069tdjEkJAYQyEEIgVK0K2cl/L2RpMlhMiwgxJISSVAQQgpJISSEghJIJXZWtWPZiX3wg5dCCEkIVUZRWBGYMSEEBBBIRWUqDAuDCVFdTlcX0PBFupuxs35rM6opevcDq1SSRbDM3OrL0yHV5H2ZNeacerIlakbQwF2K8deWcELHSxOw6syZIkklGAxJIV1386ujnprKN1dhsIJDIQgxJCQQgDSxTISAkkIsMBJCuuyta8G/nr9AhHLYMgAyqoZQENRaGJJEAIWSQiOhWVarZJmqjqYvPel86V3U240AwaziNopEGkkXBUFVV1mxqRZp0c0m7LSlloqmpe2eQ9+S3eUBEstpvOuwLmZISQkkhDIJy9nOqx6rZdllem5hkAZCGSIQVEIQiGhDASQkkIDAEEpRlWrn78C/QgZy2CCRGUAMFYEYgrJICSEkgEesqeuyrSJmqGBn836bzpmuqsxpmNs1yrI2lUkootOs2Ig3hgJYZAGCKRAhAljCQUwWWRDK11OiOswLEIIDIQiBkhj53S59S6qya1bMmy4MkICIMhUGAMBSAygZAQwEMBJCCQpUqU4dmRv6CCOWoQQAylkgIRDEFZCAQgkgIjoUOj1aZM2KwKuJ3eRXIcNz1Zsy7c3kRq92uo09MxYN4kgsMUMuUgRJUkII7JW1rFLWMmVdamfbj1zXVIMzJCSSEIIDIZMWqlYtlS7tmLbcCSEkkshgCIkkNSEAIIJCSCBBBAQUKwKaNQX2MYY2pIiCRUMkCGKWBICASQkkBXZWlLK9t0DZokgmDoZLPNvJz3Z0edtzeXmbL2zAJ0zFK3MElzJCWFbClyS5IkPUwoAkjI4XriO1bnTt5+6HgMQgkkgK0JkEtVaNGc17uXrudBBiEEkkJJCESiCAGQBkAYCSQispSrBQCD2BrbGyrQUySqGESQkIKwEIIQpEgK3rKnVquIObAQLl15q81CuNXaMgjnVMvfEEOsqGNyk0gpa1kqtZVSISK0lAIFDGyssllj0uFlhp0YNEnTbNZm2rjNaJTIe2pqxXUOVo9ctlldjO+7DuAZCSRZJEhBICKkgIQSSQgkIj1lYKrJDXpr+T1eXRoDZAwlCsBTJKxBACEgIWQwWuytK2BttIObAQCjRRXm6dGXNWlV0RSvTmFJ1kWo1heqS2xjC1uVqay2Wo65LgTog5010aiFBcWI72IGAbari63OZbXV4K2lErsRcxhiVXVjOjod2G2OgA1oMhAYAyEBFkkhJISSEBFGqyqK5ApkBb6TyXoeHfpQHpzIkgAiUGFTAwFYIJCohAtVtNAiFxVs2SQFNyV53mdXilcE3AjDfMMr2RDJY76Jc9+t86xHXM6qte6VDa+dUV6VjLTpXU5efp5OvPNYBvnajxFvrcYW1l9+PRmuEayB6ZamV4NdiwGVkLRa06eTtrZJJRDEhEICKkkJJCSEAMJRdQKJCGRU34m8nq9TZi29+MBCSQqIZLJISSWCGABEq03UghlO0GdNIEiWV1wvO+i85rMBm4I81ipmMq3NpxtNs08+gua3GqRpZrLdYSpdEMxvhnq2pWDJ1KbjgUdXnduKurb5wkmqmXFDVsXvXZK+XRliXVXSLXbmmrSrJYpYz7cu3U0xhKIYSQigxAZKEIJIQSQme/OKRAyEAZfH7ej3PLei689SsN84CIJBJJCQQkhoKwlWi+ijCpbJM0wEFdmauFwupytyW13b5wlLBZL+ezrr18+r3rozuMzSqzkWOaUPCuPCtbRGZNCWYOL6Xjb582NO/CERDryMCSs0auZslfLfRLZYj5iUaqGnau1k2I4m7Ftq+SQJJUIIICCGIJJUBARIDPfQAQrCGQqyeH6B6/H02ekam70+UQwkkJJIEMBDBQyqtNtFliui3SHNWEAwbeVXAxaaNxzDvlEsQu1Z9vLtZso146Patk0XWwhaIrQghII5sqFglpq0VRVzepk1PPDRR6PMgYXLVFRqyhaVBca7sbssSyZmTRRNNfReBw1zXry6K1GQEkIQRSCSSEBgIRQBiLRfQoIYEEAsXx/QeJJfQ9LzXo+/meGa5QGKJIQGEBirColN1SWV21raYc1QylHF63BXl1unXm4Vt83SyvOte/H0OXazRTfndtldmdO6GrYChINQwgkiRLEhK7Elrz6aa4uPq8zt56Cj9OdUMFqsQY1MXX5r8a0tXZktN9Spoz3hsrljMAnQkNCSEIIAYAyEkhJJQhhVTdULJCCRK1C+X6LhYtnofNX3HsWy6evmMMZWSKYJEBCxWUSt1sspuol0FWUVvXGTzve861kUL24m7Pp1hkds72bc2zj3e6uzOrHR5XZXp5GQFpUkYQsqFZCtLElSt65cvE73G68uc6r24WU3UpFigZIWactsu1qjhYgirbW0rMkubRSydRqblgIokQkhAZAEEEMoSQprdIWSUIYZlK+b6BIKxSqdL0vivVb49Eo2uIkhJDAhCgMpTFNPTfTFrK0srsrOVwO75+6yqR24HTn0WG6rZjeyxH5dr7aBLpbK67LM1qaGRwmslhiWELXLYuHHrPRyYJc6arXXNk62VOFXfR15WCu25zhlBIB2QruevVlQNSy5zOhLhnSOsYX2SWu8GIDKBhFYQIkDICEFBJDOrLakMACClLE8v0IYRVZaf1XlvU65abFOuTGS5AaQsKqVIM7q41N1RYytKa3Q4vB7fEusYM7cDpouuT0uZ1OfW9IuOlR6GpONO69ef0dKhK9mF5ek2a/HS8CC4ddBiOyzWE00CzTUtaPQVmuDg7HH686rK5vmVdRAYRkY6PR5vTymbXmjN0uZ1JokG5gYBIkSSBklQggMhBIEEEkBnEgsIACKoWxPL9AwykDgs9V5f1GuWkEObNW+smSWQSShGUpeq6jTfRFrKZTXZWcPh9zg25hJ24X2EoOrzetz7tY1fPdt+Uax0b/AD+bWfTV8HVqdStLM6FlB5dtj53VajUmgSnv56uP6Li6xTU1uNvorwWdPhdnDXMS2qwwGwB0SSQ19jgdrN0Z9NEYupzOrNQg3MVgEqYkBUghCRNDBIIIqSSIrIlAIUSAgIqgvPJ9AB4IHi2+m816PfHTJLzVlFXRX1kSBAr1xntS1ZTdStrK0SuxDhcHucS3IRO3HaKwmvscrr8u9tWrPGXDdV059ThdXPK/Y5muLFd1SuTn1uZDNqCLmxZZrGSvok5DdUGGzYc6yZOtTZ5fF6Xh9eWMOm+ZgKAhlHU5e2OxU4y5/V5fUmowlyVIlJBQSFYCtjwEkhARCSQlb1lMkBJACStgsXwesCxVSxLZae5xO72xpBHTmitXLZblv1GDJcskWWu6q1RRooR3R5YrIef4nb4ermBHbhejJL1+pzelx76Kmtzqg6yZ3tCqZIlNyLQbFsZo81QHVGYuQkih4JHAoZTHz+pRvHmaOnzuvBJJrJIZE15bJe41GjLF0eb0ZTJKIMkBBWEQNbIWEGwwQMBJICU3UCAgkkpTAb1lXg9doSUz0vNHu8Pu9ud0h6c667EzpGSVrNdlzXTpzWPZXZNLVfUkdHliPWef4nb4tudSO/GxSI6/T5PV5dtNtT46WFbJVFklSM1ItyRRURZfdVctFWipDfiB0jj1BFosQkQldla05tWezFw/Q8jry5odenESRCRF3dLjdLKjpZNkrFYjAyAVJCpWVvXFrKbDBKMkCJCZr6BYRREkCQHQz9O/y+jix4tT2FR3uP2OmbhJrNcJlzOlhYwFy+e+pGcGaFVtIbKrVFbonD4PofPaZwydeLQE6HZ4Pa59trVtz62212zRYORyLlcWnHLVYDZp0Z9RXRqxKAWijQLC27FbV6Msi1vWtNN1FUc/pZN8uXj7vF6cQJNRDAmrVi3ZtXS5m2XXAQyCIVYBWEqsqNBVkkkoyQkgBmtpUwFCpACIdrpczd5PRz4w57gYTR6XN6Po5XAr0yCRm5rktpleq5ZVcaESyq6mpZTbLEZTi+f9N5rUpqvp68QYTb0sWjn16VtF2Ot9lVmd2PWxZWqJZmuEZ1vWyq9Go122FDPJS6NCCxFdqjTIUiui2nWa620658zi+k8z14mONZqFiAvoi77udqxrrNm0zJEigwimQSuyuW9lNyZIGKaIIKqbqBoCRTASQ6+rNs8foxRpjZV1ml6nM6no5WqZ0xFaZ1RallCuxLlLadBCDKKbqhbK7FVHrjF5f2HkdKabE78IQ5q11b+e7LsmvHW+yi3HSyKquyOkUCVoChsWyiUNlalJWNaxaKilqwrEdCpLK9Zz97zvG3y1cvTn68zdnuubM9rmSMQ3VTO7+twOvJqMMCQEIJWrqWsChElQyADAqpuoCRCAggJOxoz6PH6c0k56krdp+nzun6eTSTeIIZUdSIjJYblaWAgFdtZXalhWrpLV5P1nltMYe7vww2qTrdjzX0HlryOvm9DPS+2uzPSwWTOkWykrmbLXWnKvXY+fToF16bjhr3qDl5tvMm7tK7cheHmaq2ShTdms53F3U9uGderzdYVpLGvzWgr0ZyESWbcN0vbZWygISGRUEJYQbAZCSQgMKarEBJCCQkMOzoz3eL05lsXG1lirf0sW71cZILmMCqSAri3WNIJZJCV2ViWV2CLIqeX9T5eqHpbtwyhGp92Dt5cjt8jVnp2rc13ProtzXZ01N9ebnw9LPbyrraL217eVt1nUtmK5fBsy5603Przl9FVri6tUViSxMOjkb54deOvrx9DwLM4zC3WahYpdUXMjQSkzQvUsDZQgxJClLB1Yg2SSBEIFYFKMqiGIAQQMDtXZ7vF6aIJjbKw06d1Nvp4kghMAiNUS+uyyAyWAgiMlldtTypABPL9vz7Wdq178EKmxvQ+duzehgoC+l2cPrcuui7O+d6lEzpEtUqTSVwW6lurcVp1KX0NlQ1gZRxJHpNdFTSmXhbcPbg1nc6LPksvouHoliDWbFkAwgtd6St1atMFkbNhEsYgxW6OrESyEEBBArKUAwBBFDKSSHXupt8XqokONQE6dO6q308YVYMiypWy6zawaBJFgIAjpZTYjKlT5I5fM0ZNWutk68YQbIy3RSN+Eu7fD6WOnYOfTy6O+dprREdWYMshYQ2SxZBKFZBBK0ErsZXHbh1OZswd7py9VTpWZ8fyO3yba6ra+mUZAWvVcgsjy6rq2yd62GBAzIxW6WSkg2SSEkgFYGYggklAERAZXXsSzweqgiZ0HWzTpWI/p4hgwa3SWp67d5cgxBJABCxGWyl62Wvla+JKmLXh6YQQb53W67s3i2Q16jy/qeBlj6vI67d27G3LrupvkC7HfbqNVk0WrctYPc1V2VzSg0oKGNya3yRVQw1nk9ri3duX0mjndDnPM8jq8TZa2TcAgGvzaIsuS4tspvyZlYkZBypWu6qwJkQGQkkArIUEEEgoAyUSGzsWVN8/11xTmi/Pp6Okwb0cQyMGt6pUvps3iyAxAQoEBEeoppp4ytQgaroavrxAk1nT0+J0csbrcvR5edQ9TlapvuhdXn7Va8Zs3UtaUaaVrS1LTV75TWiqusszsyLBTIuRzYKNmKzlqU78L+350rroqdCjrZXCAaKHXdrwbclthld6nRgwDJBLEcJEDJCAwFb1lYkBICQG2SBOk/Enm79McgHV1+eO3tbvEewsvMWCrIqulmsFqxLaKkL682NduPl41uzGsagL05gGbwXiIrAEgiiQkdDL2en5nuce++nTbz3zrjTZqbKxeamQhiqsqJZUiLKrClVjEr52/maziqdO/CBhTEEgZEAYAIcu04rM66NuHbFtoZmAgUW1KHRwyAMkJJBa7aSuQEkgITSxoc9Ojfy68Zuxfm8PZv6a4O2W1lZJEV1VGVtZKnHFubDQ1p5y51CSvWWq0dHfPkJ1r7nga+rxrE1UXVRZeYxZ+vy1QyLAYWaM12dem38Hu+f0Pn2lONOpklzyyLWLGKTaUplwKjZCsPWuTmdDl9edCsvbgDIPFZJXZUGAkuW4pF1atpx2Y12refuYeQU9VlcqurRJDUkBIQCm/OKCBWBqSAYSHRsR/B6qHqtmq+nyuz2zqIPXkskJIJUK5dZu4ic+aNZtrON1O8HTiq1jo6uDfc9jEhzcOlNOltG2XOXntbLdj7GDU5YsGdIQVa2u2Xodrz3X5de5Zi1c9mq5TMmlJaZZBFsUQNFSOpVnuzGPnb+d241QzryeuxUFiKFGUDAlpVS1VJfDsMfRsx5vRbLbD1xZWeth5BYRAMICUXZyKYAyVBCSAHVsRvn+vO6mWrtcjuejnYZOmAGVBTXwmtPJqDTOltnQv5lmsILm59M9XQkvHPSy9OeyXV9vOsw+hThbtqRxupcxn5m7Lqcup689CCyixQaOxxurz6drVj2cerAGIrKsUqKrhVhgiWVrnzX5rMPO05u/nUqd4sAQZGAVMRXS4qZdBQ6Ev63H7Ejq2KavsyaS2t68W1lbUkkJJAgQGfRQoBCSAhEIAZXUET5/rQpFbueX6nfHaOa/pzOR/NExCNLY90osezG0sd5UdzKhsKU1a5rNqZ+p7PFy+hq0M8/ndXiVoza8pUzbq8vRvpzutWWWIyK/c8/1cb9HryauHWR1lAZVVWUgMUBgJVdQubmdHhbxQt+ftwQg6yVkQgqGSEdHGdFCliD9DnaDsq1hzq92Xh6GsyadcryrayYIGSAkBKLaSAgBkqSQkEjqox8HryI9Nuap6u1D00deWmqh940ak189i1reexY1uaju61s5KzYUqS9bHbHs9niu1YtdxnyX4qWvZyq69XLpMVXb87ndlNiy309DItO7Brzr0+zg9zh3vbO+bYFhEZVhSQwi2rW9cc/idvjduQzOvTkoI1kSRDA6ixQiOrjAkVHUe6i477M0U59tHl9eBdObeNpqt6cZJLIVYimCU21EUwkkqSSIJK6zpZ872c/Noz7ZUbP3JXJ24HfXvzTdLuPUWmzNlhtFdnKzYUrNkqlL60ds2j3eFuUj6nc5TVZq0bq7nDyuyZrn8jr8xqsR867WNsdzRsx9Tn1Tuc1eXX0MpsxuwI4RACASkRVFT1lPD9DxenLnEP240ArrMKlC9bkHRwUhgjZmseykBpZoz+jsmznbuezTfV5vTnzbKay68z9uN8B1zVoQSArqdAiQkkJJKBUnVlbfO9mOq2rbJh05PVyGirp6zZoF/HrLZZjRslhLRZZHjJC0sUOBFsq1mYdj+3xY+sGxeZg9Jy7aWs16zVz9HNqvHr5edZq9FGd6Tb17nzXVx6uXbRXou5dW3cHt51cRM6BEIDBVYLVIxVyetw9881WzN241VWJrCmCiVZOtmTTrPOW+jOi6GgYIfq8rTZ3radW8KlieD3VU6KlzU6qNS589/bzmCJJIUVsowkJJCAylZWNzpZ8/2Y8mvk9c0obfTyv316ee3uW7n0NksiWCxC4ssLA2EyWASQtL1ejje9h68DUeNL2bOT0EHN68s5uTZz9MWNNmN1c7rcyXu9Hi6NY5S2rjr1tuHf5/TxuouVeqQ2dCGuUtLUqVqyRqzHyNDdMTn9vg750K868khgrKUs6OB7HydfAUyXqldygtTqJv73l+vcKj1+f0rXanHtRTopqi+puvK4Eb5SSGYEEEJARUhAGBNtlb/AD/Zh42zF6+R35+jZbet/Hq1qWys8cjyyyOGuSQbJIwodEvTA3t8i9CsZufm3vqXqmqTXVXujg5/RyPIbe55iuRDpm+nyuzyt45+6aM706Mo49t3P2Ly7XX83oysJJRbXIx2BrmzHq5tuS6DeM3M009eSx01hQy2Qgm7Jfvsz5+nyko6/L3LmVytultjL9Nr05kw720Rh4vXVXdUUVX0bzpiP288BQoMgCIQyAklBlc1Zr+P4/Vng0erlo3Ua+XS21Lue2sDjOr2O6OjGGwGFIwOgir055hXt9PnmJGzXcc2xuoRZT0uYI7FWPlZdTzMvmslibdKs3puZrOjTdUh5e2/Ouc2qry+zD1ce7G4CJYyiM/Ry+k1x8lj9N5dts+jJuc9tI6c6a9txx0tTfMBlst143s9j5fdjTHpy3rZn7XDOt0uf1bnfOeS+9Rc4RbV4vciWJnVNOimkvzae/nCWVaygIBJCSLDSALpYLx9mHl3bfm6Gluqq/l0suS3Nd1dJYllF1axpCkIg8U2TPoPq81ONX3np8je2agi3OK8cbU7+PYmXHx9zGtGbqTUz+g4+tNFFnWs5zZr4bRxepLkwdvic+z6kfy+oSGaBkKbjUwOd1ebbTdLdTm07s+pR1eN2U4mXr87ryqrZtYS2pq6KtezzXfHL6Lz/V5yaO/w+1qW3ZLLNG7mbpKMXS53m9VauvLtVVdVWbRQ3XldVZV04qCqmQEhBJANbVecVBdjrp259XPpdfXdjT2rZKzqyMwawsrUSIhBARKLDs5272+IPjGdN00szaMmrNZXnL9MB5Ysl4Z5OToHc53QNS9u7kb+dz286+wGVrdzd1BetuXzeqyQ8O8MgA6qmTdTZjZbLmYepirkaWt3lagenDnWmnWaxfWras7WVac/TM1HoPNnT7fD78luK+jebI2atVHX5Xn7olief0V1XVGZLaemdVT19fOARQkhJICQJZfRoXgbM2/n2t01aeXW26u+DYryswZCwawkEhBSSSjFHXk1/N6Pp8zcjpcrG9XU5WWtlexETBR0t5xdXNIzaLMm82NXLK9ZzS6cOhpdlXK2pk3b+euHe2cquz3yk2VeT1uUfl1kMItgs5Vz0amzl9XkRfouWzKvRx+vx8bH2ci46dWXOrY7WU3aL06vH3a7njdGWTWqpbNZeLfEw21cuwR083prqtRaKdFOpJVZ287KRcwEEgNCSWWX02y8rdn18fRZorv5bsuquV3SywsCFlZDJAmSpIEXDq1+nzZVsPXlg28rqTYnN6acu/oYK6WdsaZt9m4p5+mvWWo113NluDTLm0U3rby36qVZelzoe3D0Vs8/6LlWXnPbnVLIfH7bCpxqyB6oyb8li5q9xekw9eXSNFnp8tGHdzlbi+t5EvI386zGunv5vQ1jZCdTm7LNEuK/m3VZagzaL5PN6QjJy7IjqV1XV1mLVdOVwk68YJAQgBDJZbXYuTVTp8/rsvrtxbLUtC4NjmRIykaQhkARFspHRy+zxDndDm6dCkvAuzhRtTMdHl6dLPE73nt2p06Xwxsx7udrN+7k6pdHJ38VexU2qyw15ssenWttnO1ZjXy/RZ4z4Okmd5HE8nstet5Zj18+zPtRw2V6vV5Mj6+X05mjrKnB6VlOnDuvHPpiHos0g6XN26lue8xVRG0V0bh2gI8/pVWWVFdStLFqinRTrMNdnXhIJrMkgGUpe6NKl9d3m9lminRD2pYEwoSppoCFlKGCEpuo1mq/n7/b4mrysa1vqlwc/tV6t1ymZyaMyVfYOjJwekuStSkazUy65ddGqYvLVZuHL01lsiUxLOR1tOjg6Hn8up5/t59KLOnh8/c20aOHor5/QoGq016w66uT6/Ju5mvRZz9/N6Fgu2445WkWZ1Tt3ci5syjc1q52/LGRN/Ox0uKN5vVJJmhWVVR1hEsS2uq2vWaoU6c3ZW6cYICMlllytXF96XeT3NelqWOGpoCimSUwFGimjFiFIliPmnr8uzFc2+erG8zdABquqhtTXzdtiaba+bm9fJqtjlb+R0N5x9caM1MPR4lbziw2dezmarMGvcsvMfRKt4WvHp069FWSGwTVevFu8fsRbFzagqejgddmnpwRWy5qUdOrU5F+mvQ06qJepzNOnMomvIc7hdVeltSNmoyzyet4JjYVllSESqjpSI62V1X16yDXZ24QEXMdLEuouxr1r0t8nte1LbC4ZJCikQQZIGCWQAIajXqVS231eTJros3jr5tFOLmXXk1NRr5Op0ctuct1PjMPUy83VHpfOeqR9FF3NkzZurqDn32HNfp56v53U5sW6+XeW4uleua2uhK+H2ToNNFnHtZTONw7bbsHc9flxdXlGR+P1LV1U4pc5O3RRVvN30FnW4umXVx7FG6PP2Rno62RcSacvm9LlTy7RWEokkIjqtaWJqKli2UEp05ODOnKW1XD8/fyj09qW+T2NYr0xWIygSyKVaKUMUJEKXMri9MbtuYejyPMnQrJZo4VNt5m/Qk2oKNjRlMaqdua2G3czo5rmrFc23UGkuTkadPNVqL+e/QTkdFKl1Xpjzerh2ZyYt/Osps28+25w0UdjDfJmxDbbuauYcjTXd0mmmi2MqUvpq3ZelhwW0JpnfZzc66uMw563ZvN6bnqs5dmEkAESoCFrDrqIrqlVV9W4QD285vovReT1OUvsbEfy+uxlKEEKoZYkIDIoREslTUXLbK19Xl6Iaq4ottXUvNSxbRro1Mt2GzR2szxOf3c1ZNbSNGjHdm6M7tJTfyOhqCrTTRrYnM6fC3bl99D5ov4PoSvhaEtv32VSX8bRqOdq5vYrndRMmbZh3WVTh6TGTbVeitkylxtepqwa8s8qFabBqxeRoy6bedkbNw77bc13HvZFmaQBKJJQVhSB1Suq5KoYTtxe6i+86OZv59vtXDeX1sQUIkVQVgwQggSVmuxcdnO3nr24ul7PHtld2VeTSKr0V3JozCtWptOszBowV01zWk2V44PUOWOT1aV02Hh99MHQt58aTzadTpWPx5dabMtlujjudLRceeqrqzDZN2eXDk6uOaJ05+vOlJY0eb1LLnPn03HO6POda2SzWbjJm102GtAbn5ux7MEuXkdvk8+tmjBp4ejSamxWimaMDClgIHUSuxKzrZX15vfTb04YcWvG17pgfL6TJCEQCsksggAAgofJrOfOV1bvReX63bz9TJqnbhbbhuG05qTTw+1grYbM6JLM9dTl264wqL618rVtjXGmLhx9hLMmxcGpv4fVssPJ2vLj149Wpdy92jN0rOZm9HFdya07MWXU7fI7PKzdlb2WcLU7qHrwanZz6GyXm9tJeNdrwblr5XsD3Lmql4lFOzOYsl9fLpzrmo59tj02cuthR5WIaWSQVbEErtSqKb6N4uZZ18+DLfRde7IPl9RMBBARSsRSpK2psr5+jHrIVlWSZOnP13R816b0eQU68xmq1vqE5epK2bUuXA2aM3SS1bYs4fSNZ+xzenk6zBm9CUaIID6zgwejyacfZoc59/G7dmjPfM1+J0ufWuzO0dDhv2K51D5ats12Rktw7VsyaKkOqZjaaubm9Hl7E3nmzbZtpZcfLWhc71Kt1MvIrk5dBy+pyGtt+DXy7XPS2NXtTZK5DQA8WlL6jNRpzdMWEDrw5tVqW+7gnl9RgBFggiKRYiDM+TUSi/PYq1jQ5ra+nPb7Tynquvnmjj9W5xtt5FW9fLryXNfyTrZq7aWsUamlqLDRfh0ZZc1Hc043f56y9SJbMlqWlei2s8/0uZ0Os6HKMybRz5Q2R4fl9G0XnnpmfD2+WW1LqM95oKdujil+/LXKt+vm6mTdVZR0irFFF8LsN3PzrJIMdJyOtxybMGjPTZK257uvzXZ1oau2CxkqU3Urny6cvTFqNX14YVK2+6Inl9MBWUCAgigqamyvMuPebs8FBWGsiq2veOp6Dn7evn06M4ToBbcowJXmjaY91FVX47HsTTivEuz0Fmyzmx0KtHNq7rYLE2Z1xR06eXqqhc3V0vwbTkso0CHNWaTz+zSvQmXRosaOFftTS1+XfJk1U6bc22m+L0sbKlNFVuPL1OZWnM0F5fT5s2kI56r5HV5U0LK7WtTG7l1lxszWsSzNIkWum2gz5r6OuLKbKOnDMpGnuhB5PXBBEWKRIli5bOfqVoBqBWp1Gklya2TWfWbOR1+3mzbItW68Jy3NzdBWK9NUozJjtGysTJ0TLQ+s5vSSuL1qtDryWpg1PRqUFjV9ZMX6pXi5Lqq9CLcVmtqAHNskt+njg6j13YuLL05qLi0Yav2c3rxK24MdxcmxVw7+Qu7IosPO6PLzuCHnvPzOjzVl+fU1ruru49bXWzOi6mGAVUouzlGe+jpzWhZ15CSHtZB5fVEZCIUslL5rKMD1bkkWosmsyQoqWJrHR9b5z0HXga7MVnRokSnSl9WUtVBfl9UW2vZGJNQplvpimo21wunaNRr8l8Pg14dRK7jqUJr2S3TjbssnSbnLcXUq2ZgmfT0eEutdAK+r5XvxszvzpcVnQ5HTPU6GTFinU+GquvgvjVi2Li58+rm6Wczfgx0EgxrLzt2G2a8e/O9V1V3Lra6NivFilSolF1FU576OmMsg6cpBD2oA8voKSujWK0nPu5+4sA1IsNgMIGkBVdVrPouli6HfyuAEuwasej7+bqQuySpfncsvziEomit2HB0oAOey3HrtoUWMZrEms2ySW7k9HMvS5ei5MHWw2yrrovjPn7/AALNIr0yipGBh7WGjqx2HO0a8lL06M0W4OneU4Lsy9xMNGVmfTVVWKyrj1MBlwY9eS2bsHQzvVfVZx62lTnRKsFHQSi3PZVRdR0zlEnTlJBXs0Nfl9BrWmxqlx6iUkagjQAaUDCAyQtV9G+frdNd3bz1GXazQySnFlcVuumkq0GBRowG3B0+ebsl6Gbe8JzNXSE5fQzJWb11FK7YoyIK6uanePOd0s3nW21GziN0KydDHplzO9ab3V8s9N2HRWq10L3zw9XI6tXZ9BzeRvsqqvLrozrmqRy6QrDDmuz2t0eb08dNNtVvHqxVoYgrK3rK6LqLEzacvTGYtOnJY0s9VWqeX010rTvMzEWwEVJIGSEEcFkiJnvz7x6zqcXs9fLk1Z9tc2y1NSXUWxUthq3N0edKzaKUwX6ctS7zffqy1dGXP6nMaullt5+XRy3Yemdl1ezNxec9LRpz+kIj3YmzXoruMnby65dnN6dPLpzOZ1+J35dDr8PsZuPPpy6itdaXZraoz6mxE1Ub5rNj1cyzZxt/BxvWmcc96JlhVS6Wv0+b08dNNlVvHqSGglSsreqq63WyrJpy9OaQjfKSQ//EACsQAAICAQIGAgMAAwEBAQAAAAECAAMREBIEEyAhMDEiMiNAQRQzQgU0Q//aAAgBAAABBQL9QwaHQziugT+P76RH6RElmh6G6U9p68JOIrZ0JxBaD+wdX+36hi6HQzifU/sE/j++lY/SJXLND0OvboX2nrw2/WvS30MZpP650Mf7fqGL0GcT9YNBP4/UsfpErlmh6F+Snt0J7X14X9Jpb6/6o/XOr/b9Qxem70fY1zG6lj6jQSuWQw9CHDWjvrX9l9eEwnYebke5tlfb9c6n3+oYvQZd6MGuYeoRtRoDEaWNN0zMzMzM927prX7HrwscRzltF9Bf1zD+uYvTZ6f7DQR5/ekGMZmZmZmZm6FunMzAeir7DxX+pnvE9D9cww+v1TF6bPVn2Ggjjt/T0EzdCfMOir2PFdDF0SL+y/r9QwxelpePmNBCOx+2pMJ/Up+3itGZiDRPQ/YMs+v6hhi9JnErqJ/y32/kJ/SxCNaPfiui+29iV/smMMjZ+oYYvSZxQOBoJ/y32MJ8wExMTtO2pWEYlPvxXGV+3g91/rn1+uYYvVePj/Yvv/lvsxmfANQJtEKz1MzPRnVexU+AmbpZ7SWQe19/rH1+udB1W+j9osP1c9z4cwd4Rp/OjMz1I2IOs+5Z7SWehMyt/wBZvXQP0z4LPTfaLHOFY9+vECzbMYjQQ+AHXOIO8rbo3Cb5vnsx/t6Dd4NBEOR+o3SP0zB12en+8BlrdujOgxMaDQ6fzpxCNRDoulbRmxCc9CRjP+m0GtZwf1G6UOR+kYOt/Vv3hMJz4s4hPRiYh1zM6EdKxTiMc9GDPUaLqOitsj9NunhXyP0j4Hl4w5jHwEwGAgwjMxMTbAsCTZOVOXDXCuoMxnUQQwaDob0PQ0/uqGA5/TbpofDqf0jB1tOI+znr9a7YBBpiAQLBMamGONR0DVNCdBH9a/2DT1FfEVs/pN0j3w75UfomDracV2LHv0ie9AIqwJOXNk2zECzbNsKzbCJiMkZZjQaqZjQHHQI/R66cynrPjPVw7YK/omDQdJnG/XrECxUirAsxNs2TbAJjTExNsKQrHrjDQdCennsKYNT9oJ/W96mGUeuo+M9SnBpbco/QaDrM47664mNMRVirFEAgExMTExpiYmJjQiEQiXLD0fxDGEB7+jBDP6J/PQznUaGUDt+iek6cK/cfoGDraccdRodAIoiiKIBMdGJjpxoYRLFyHXGo1zkN7/iHQ9DaDpr9fsIcNU2V85g9dTmcW2Wg6BBFEAiiDyYhExGWXrqNBAYZmZwVMc9hBoRDB01+v0D4eGaDznUdBlh7XHJg0OiwCKIsHmOhl69mHR/JnQxWxCYNBCcaLp/dKvX6B9eCptrKcjynoHQ3q5sK8Ggh0SLFg850MsHZhDqDP6dBD0fyGL7i+zDKv0W9dOZnTM4V8r5T4LJxJ7NBD6GgiRRBBBqPIdHlg7mCCH3DDBos/o0MMXUQyv3+g3i4Z9rg+U+CycQe5gjRI0ErEWCCDUeI6mNLljatBDDBoPcGp9j30L7/AEG6szMzMzdOFu3DyGD2eky31ce5ghiR4sSLBB0DxHoMsHZ/ZgjTMPQIsTTMPVmL687eOmzY1T7x4zFh0Gpl57WRoNK40WIIIOkeU6GXju2nuN1KYDM9WZnSv6+dvJw12xlOR4jFh0GpnER4dU9SsRdF6B1Y6dwj2gRuIhvzObObLGzG0UyzrXqxNpi15nLlYx+g3vpPUvvhz8fCY0XUamcT6eHVdK4IJum+cwQWiCwQMJmZhgMEJmYzYjWRnJhBMFbGDhzP8ecgSymWDBgh9dVfecqCqWKBF9hRMfqH30nqr+1X1HhMaJqNTOKj6iCf1PUZ8TcxmGm1phoICRFsMWyZ0EMJjnQVxKwJgdD+rx3OgPUJXrd6T7fqnqPVX9qfrB4TFh6TOJ9vqNB7SGBMxUEAmJtBjVLDVOWYoIi6CGGEQLoTicyc1YbVm6ZnECHw1wepd6r+37Z6qvvX68Jhiw6DVpfLNUhie0ExBAYDBBCZkGFZjVYYdScR2MssfddTfWtW9plkiWgywZFgwT4KzE9S361/b9Q9Z6qvvX6hg6zDF0MGrTiZZrWI8qi6GCG0LG4gz/JsybrFiOTEfQwGAwmE6uZWqzjK8NZxF9lfC9je4eAERM4uWHwL2NJyJb9aft+o3ryU/dPWo6jDF0MGrTiZZDohh7yn2gmIZY+AvzY1jlgmt7+JPETh0ArfaCrxtc6+wQSNrCNWzzkQUwUicsTZLq5dXiHwcPpZ9aft+o3hxMTE2yrs1ZyOgdJ1MMGrTifb6iZlMTRo6EzlkRXdQULstECtFQQ7RoOoGYmJjXExLBkOu5bF2k9dMUx/VX2/Ufr2CbRNsxMTHYe6vXQOkwe9DF1M4r2+v8lAiae5smybBNgmJjQzGg0PVmZmdTD2N6Ruuo9xDE9/qN4TqfS/av1qYINDo0XUxdTOK+z6j1/afS6DxjQwdWJtm3VxGGRckPUplTZE9N+o3vwmCH0n2TpMQwaEQxdTBqZxX2eHQaU+lg6cTHQdF0OgMGmJjoMMMMtXMsHXW0z2/wC19fpt76idTBDE+yeugxOhourRdTOI+1kOg0o9JB1YmJiHtGMEGhh0yRFsgPSYYY0MvXrErMb7eE+M++pl0z0VfZelonQfYGpi6mXe7PfRQYmo6cQmWNosEAhEOmJiCA9JhhjSzvLK8aYh1WJCe6HI8Bg9/oJLOGBXYZyzBXNkrXDLodWlfrX+6mLqZd7f2eivtKzqOkwxvcEUxTGMYwaYzMaAzOphhhhHfiB8T0oYhj/ao9vAYvhJ8Cw52Y7mAaL7XQ6tE9ajoMHRxPt/bdCjtSdBB0ZhOjjvoDN03T3MQCDQiDpMMMrGW4rrD4iOIG+fgMXwt4Fhb4QwaL7XoMMX1G0HQYOjiRH+zdFXdKuxi+HE2zbNs2zHjbRpw6Gf+hs26kdCwSts+Bovhbw/8w6r9l6TB0DoMXQ6cQPjZ7/kMWUT0ymCDxgeDPQdDDOB220cXkPBMTGYwxqJmVvhh1tF8Leusez9YdU+y9Jg8Bg6LR8bR30MrnD4Wy0DKQQQeUzMzN0z0nQyw4nMKu1h3McmAwGMMjU6Utlepovhb11r7b1DBonteswwdLQaHSz63faEaV++HTm330NWBF0HQTN0zMzcJvE5onNE5sZmM22GGuwQsRAxMwYmp0acQ2B/T0iMOnh279TRfC/gSH1p/ZV7HhHSYNDo/wBbvsJjsRBK2w6Hhn4VXyy6CCHRhHBELsIrM02NBQcJw2Z/jKItSAFVEscCPeMH5GpYBAIehjOIbJrrzFpypGDqDDDBrV2YdTxfC/gWH1oRpT7HWYvUYNDo3riB86xH7QxdD8a62+VZg0Gh0YSxZ6gYwXGJxHb/ACJ/kyy8mMSdEWKIII2plhlvulhsB+Nn3EOo9MOhfa+uloPC/gHs+tP4JUvhHUYIdTOJ+6HvYeimkWJxFfKfh3inQQamERkmIJXVun+NGTBZexEVIBBq2rGW2d3OSIbGxFh1Gh0/lKbj1H2PC3vrHs+tV9r1mDrMGh0c9rjlh7c9HBPOPI3VNgo0Gg6cQpOXEJUm/IYljtzAkxqNDoZa2Axy2Mw1MI4yIJmDQ6Noq7oi7R1GDwn31j2fWqe16zB1mCHXiLMB9CehXKwkkyh4p0B68TbNkCwCY6SdWM4hovc8Nwstr+HYI3ZtFMMHRUuNR0nxH31j2fWhi+06TqOswezoxnEN3bw1nBraDQHwYmOsmCEx2lp78DXvtC4VlyL8qxHfXMHtvcVe69tR0/3w/wB6xD60aV+16TDB4f6YZYcBzkt1IMtbQUET2hxEOoPmY6sY5lnv/wAv7acfjmr3azs0Og1EHrr/AL+j/T60MT2vSdB4DP6YZxTdsdm1rQuba+XonZlAsqtXY6ewOynEUwjRTB0jU6GEw94IxjmH03v/AM59r+w040dk7Sw5Oo1EXwf3wHwiH1oZX7XpOg8Bn9MtfEdtzWHsdeAxzP8A0B8k7k9m4TvVxv8AuX3WexEQxTCMzGIpgOog0OpMMAhMdp7L+m91HE4HiRYr+uOPWsWYi+D++A+EQ6mVex0sYPCYZZYALH3GMYdaH2PxJ3hPtYMHg79gvffbKTBGSI0UzGZjEBgOmZmZmYTCZnMAhjGHvAJbGiwWFGX/ANAlLrd5HUkX3CMQdY9+BvCIdBDKOpvEZdZtj2E6ZhPTQ2Y/xsdtwzrUe6GCMsVoG0KzuIDrmbpmYJnqEwmHvANLY0Gmeg9AixTDMaDpHhbwh1ybFhsWc1ZzhKbBFsU9J1B6TDZiW39rH3aEwnVRk2Lt0U4me/QJQ+YDPcZIIDN0z0d5tMxiEwmE6Y0MtMs8imIZnQDPUPC3h34htzN5m8zcZvaI7bqjldT07oXhtj3x7iYW0Jh79CiHuT4EYqaLAYJjMdNczM3TdN03QmZ0xMTGjS2N1HU6DQGK0UwdH8g8L+E64JmxpXwrvKuB2kDHQ0GuY0MftLG1J0zqijB7mujIK9603S1dp6RKzg0tkTEeqYx4MTExqY8smOgdeOhG7g9LQeF/fgHDkz/GUQVLAo0p9DpOpjnEa+G+NbmEzM9xKWeDgTj/ABlWJwe6cStVSdzFUxncBe1dBjsrg9ukRZw7RZjRkBhTExMTExMTGmJjVpZG8a6GHQRGg6D4m9+AQ6fwygfHpOtj4FtuYToRNsSjcExXHdREax4XpplnE2WQg5rxAoWH8hsTZUjYFFW6cQuG6R7SUvAdDDMTExMTHUY0sj+9f7D0iZmdFTcDWRFOIjakwweE+/AsOn8J71fXpMJj3AS6/dCdBU05DAQ5h3HRd1kFe2McQZ3BCCbEILV0rZYbJw9BsIHLlg3MwwdRohlBzF7dGPE0aPG1E/vV/Na4pYnkq0ZGqZW1Og/RWH0IYO7IOw6XfEu4iM5OiLuZVqra3iBg5MxMQgw5lTGtjY7haszKhrXzK6mnICpy5w3wFm2e2sG1tRos4doIPIY0Muh8WNDqvtfjFdc80MWr2RToYP0hDBGlIy69Nlm2XXboToIFgExMTbNs2wrG7SriRi2ztWpdwqVjZLBmCvE2hZaAYyGoOSxmNTKzEGJV38pjQy1u/iXuDAMpoveUNuFtcKxDtJ7TOYfCfEIZmNKmwynots2i24sdFEAmJiYmNMTEKw1CUVptYSijDFJ/LLRuruGbrZw3t03vxCbGRcl/iduhiHBqwVq9eQxpe+J7h6T0r7aKfgwgi+6G2u9g3MmIywHARvEfXiMEabtpq4tYtqNMiWuFF9xY6AQCATEAmNMTHR89+zIUTbLa9y8vYfjhSu8L+a1cTjJw32v+6vDDpwzfJIPGYZZ6tOSvo+A9JOdPUU5mN8I7MIyz1Aes6H14jo0bTJE51ixuIsab4DmAQCATExMTExMTExMaU43W3bTW4bS5sLVhxxC7JQg3PhJbYOUwLyk7Wt7tAvxOlUobcomfEYZee39P18AXcNFhgGn8qGWrG07e5EIjCJ7Hgb14z7eHQwnQDMRcQCAQCAaYmJiYmJjU7s11HFabWzOIXcvDZScR8oj7CLskt8rOWKv6J/VO1bNE7Thm2sDrmZ8DGWjM/p6xoNF6RKmwxXcgHYiERhDEOfA/rwiGN7aHRjrWkAggg1ExMa40MrKrOcGLnYlHEFrD6Ny77zkV0rttoUqYmNr/AGWf11XlWqNsA+PcSl9y9GesxxLOzGfzpHQOxYZHqCGCIO9b9v5DDCIOx638Qhje2jRjrWkAggEAmIIJjTExMamJUSzhVHNNsHDbRVfOIqiYWuzuq12Tamb12s64g9scnnfiyTP7WOyL2qbY6tnTPgOvEr3n/PSIafhjGqHEsAg0WVKllX9Q9oYYYYh638QhMPsx4dK1zFEAgg6B4Md7LNstDsvDVbZicRTmJY2bELisGubllq/PiE+XFYAxoqMQVZZ/avrV7vGDS2VB0A6zoZxMAmZ/Omh2YcQmG1B6OFfaVqJb+6mHQd+p/ENG9y06KMlFxAINBBoPDuAazsyjccYg0vpzK22hWWwW0kR7jm5+zHfp/ad0AGLRh6T2oEuTIobaw8berPkye7hhs9VNhqa4s8dSuo6KvfD2MsCtY3rUwwxT1N78I0aOcA99KlgEAggg0HhMauL8xUcwxjgIdwxGQEFWrlNheX04lxG2sR0xD74Z0CZRl4hcWfWUemGRauxqWyM65EzqYIZe2FHeIna/7dX8qfdW/wBdBofaDMGVakEwfFXbL6GGHQdJ9+EaWSw94i5iiAQQQaDQeBwTKg4nYBVxLW2y+/tTYVrD7gBCJyNpu4jEdsyhcTiCJjMrTlrzVacQe9a7zVP467loO1tSJWBHrKCNo8vbc23A9Ja2W6RPUpfY1WLLLl2uIV7D00wVlWLV4Zyj2FyFUbNDDDDE6T78QnEHEOlaxRAIIPLXiPYgPEMTK/rxbYSisWB0/FwvpoTgPZax/wAMtP8AG2u4AW1st/K3XlspVmO5qvhNkB0tGGrOR0PYzKxi9xLTKhl8/K9zoOlfdy7VRcyhtjX92lCiyr+z7VcNgFKfybTtCjJGDoYYZ6PnzOIfcZWIoggGg8hEKWmCoQ4C12BpxnecMNqLZ8/5TZvnabNHTM418StPlgNayAC1yJVwzNLE2RbsqHimWjK8O3UF+XoTiTKxhRLD3xMdIj2ZTgTXjiuGxB7PuolQ32IzOFxgVZSsdvUt3G1vWhhhhi+tD5LnwD3giCLBBBB5PU/yDFJdnIx/qWr8osIqWjNln1mNliNmZhOJfxYRe9ruMSkhJbcXgU5qUsooWcisR6fmvaN3lQw46B3jZS7jWFq91l3ct2VzhDMRRmOuOmtd7VrsuyrLxSbLWlL4DgsoMoG2GL6ZhAytYy9tTDDE1bx5lzZMrEURYINB4zNwMNeG7IuxrG4gYThhhLd1tqgVruFqoSCW5TNxCYu4vIALzbiPOF4fmQcKqy1c2/StbOYBXYDtObB3xAPn0ZIlO/iLn2CpAgos+1nrG6OO7DtQMy2uEd9UO0ljvoLPOKyST2oXcSOVXOEcEUjE526wVMzEbI+9o67TDoYZ6OjeOw4BixBFgggg8mMx12kuNu/mOBgXZe0kVooBFubHA2DGVsBdeWRG7nllURzuNO80qKlsecPT3cjdgItT7ptl6GBoo79PyWznO8se2Wj5PFXAcfNx24f2RlbV76iHEq7K9m4Mv4+GbD3Dcn9oljYp4ZAFttFY4d+akvHSY0HqN47m0rEUQCCDQeRXWWYZXrbbwteI9ndK5xKFgoIrA2LzWFiWgo57bWsU08uCtmHLRBT8S7lpw9ffHZkbm2AkWEoUs+NndUxkDqHaY+bEtL/s8/5Kyz61nurZDrmOMaFcaD3w5XNtQM//ABEWzNbD5cJ9wu6EF4aN04ZeW3MHM4kjb0GGV6N4hGOSIgiiCCCDy8ruoCgWK0Y4FSZYSw4Fb744xOUjQ4ltX4+H9X15jZjb2myyUbVgn8ss2sTlSNxs7LSZeuy3GV8FwjfRe4YS0dgIjRe7WVRhiZ3JjQdorFVzKad8cGsg5bhR+VBiIOWlpfNpKl/lDWzp0GGL2MPvwjRBFiwQQeWxsSvc8VDt5W04Ysoxo7CMNoS7McbpWvLAt3nsktIKn8YWEMxdMzh7IDmXFlZSGXlxG7tiucT8lpwat3frcZA+tfrE4jsqrDVCds3lg89aDs3sn1Km2zi681478H/tb0mRWlnMZjtrKtzF+h96mHQej4RqgiiLAIIPKFBjOoiMSDL7iGovzAZxSkyl8gqjR80nnc2IBWttm+ywZRG7YxDa8r+CsgYJaUYYcW05XNlZKhw4cH48uh/lyfmRtPUYRh09icUe9adis5IePUqCwdoDgf0T2f8Apcgj8lez8tVR3dwP+FrCnthh+R2CLnMOh0MMQ+IaKO6iCCCDymI2YAFsDAyxsCpd9j0TmtWyOHD1jDcyojFqJSlcuPMFNIVdrMwUid1gdI7Gw8O2DZw+45srnD393RbJdXK/kL6jKkwOdgf7V9ddolf29T73AQiJUxHEUMFRM01V7jYmwxPZQrEqgTcK/jFrE4f428URtSHJa8ZhE/51MMMM9HwrpWIsEEEHlaJuWyxcjh5xL5avCV1XbjdRvm2yuU3HJUWB12qxacIplzbVViEVuYq5QhFeFQg25i3Yh2PLaSp4Z8pY+2x/VbbwUEsG22tRWvawdTjsvY2theHGgySzWLLbM0DH+Pwa/PjR8nXEWVvuCsc1g1myoOtIcS4NXdSvMVfxzdtiZe1rDjc2dD0GGL4V0SLBBBoPIz7Z2KB9y9kRF5ttvxrrRhBeJvRpdTiUH422lbAgeKMDiATGXsQACey7kjbnXlmuYVxymDjBCoFnFrKGzF2jTiQNxs2xV+IrYdRjDu53MgwCY9zIanL1Y3VIMVcL/utRWl1eR6MS0Ba7xYKW5c4k4rqIuR9qJWHnqJ+NaPR7todTDD4l0URYIIPM9e8VNGG08RYS1CCtNxtc2YOxWC0EPuEAE4yvI4W3EEMQhi6QWAt33D1Z6V9xVtsuJBqJK2jKqhWxsi1uwX8j2070WxqCLgVL/LQa3GVrkiJ93Wvc1ZMLClA7utVTI1jOtnZpxVeyypA6PWQVRop+OQaqwqry2ay2zlz3Paj4r4DDB1iLosEEEHlMp7i7CuPkW78RxDEJT8axtOivtnEAzhySrjIdNjV34gIcKCllnyXaqlj3NnLDMSrgmzGE+LKlqGcRdtNfyDnEsfNfCL3j1K05aoNtZjLtMGtveIOxi0lj8EivuDZNiFcWfNTULV2/l45fyghIFW0MnLIUs1n+rZmlcrXXjLNNx8J0PgEGiwQQQeV/VHEbTZhojrjYrtdhQ2DXf8a0sKFfmidxztll1m2uj8i2UjbVYaybBjf2yMVgZQcx8RkAm1nNj7BRX34obnoG1HKtGXFfCfWX3bC35K/mrlmgMGhntl9Me53sBUqRLUlrm1qO84b4l9yvXTsnFDmOnDgzY1T9rRZtRam3z/lXY2vWcL68J0MMHQdBBDBoIIPK/cDhcm1PxIh5fB9jem9VT4YDQcMuXO1V+CDba/GHC8IMJLqgwrmCoevcH+NfDJtXTirHrnDLvnENtWpfilwY21Syx8cH9DOOPfhm3VLjnFVjptg0ebZ/ExucMZatmW4bKVUhFfNdziJtYcXbgImF4a3e5EvPJda2tFdQWH4hSrs5DTPfyHrGhggggg8phs2xbsx2GzhjiczITeLG2GbOyVEG4ljVWKxapsurG1dLasihyDaMryWLIO2I9212VbQgCQhXa34111sTvKRtjyr4zmCcR3t4ZcV1DNlhffvJCwQzEafGsLezStM68RVvWg5R7GrNVZc3tgcJUUacVXzJWm1Jxj7Uqcoywr36T0HoMHSNCe4gEEEHlMPsdzbjZwvdbaiJXaIalc8oiX2WVzhNzS+yLhFzuXmtW6OGE4psNwxJWCGcQuXUtWLeIYHhDk8U3agAIxRmfhwRTTtHEfFgdx78nhwRKzudrEyPsNX9h1lIXEMRwxm0AvyyWu2xPlLrMSqzes/k449uHo/HT8ZnMbynqXRz8gINB5iYe5Hae5w/xMspVoEZILW3FQ07IE2u3GntwtmBcgdQzVN/kDls+96OyQS6zbEXczYnEUbl4ZWWcR7TtWq73+axX7MoL2cN3T4IMYG1Y/3UfAaM2BXaC/EVfHhLJmcTbhUZqzWdy8Q+xKFa2zlKDxFmFpyrV5rsltwrHNs3cSuRV9Cvz2kVt5TD0jRz8hB+gZT3axIBiDsynItYrFferWBG3BxxDOs4X6N+S41Dbl64xWyW1Msor3OowFjdha+5qxhbhuK7gARHUMzDCVfADiMnPMFZBHuWLuFaOIyhG5SGPjLtgs0tcvKqWIRCa1q5Tc/Jroy11ORzDXOIzaK15NRL2TAQZ3xckC3bWBzpu+X3XhvoVGT978ecdCxo5+Qgg/QpTExGrBnK7fKuGwMtLbLrgHJQ1x1Fy11ctKE/JxLkRW7CgF2UEVUhdBHYAcpWLnYtHeGxcuJhlYvuRctOQRAuyvhx2HYziLSkVRYr0nPKs33A8wDDCsFmfbYnrjbNq8ImmJxoxOE+VdoDKPx1YgsVyFPMasEWdzgFRnfwj/K5tqVdq3z5j0rHjexB5zAZUdwtYqKWaAwziQysiPn+pZuO3DGwYqxCM3WFCVOyM25eHsJ14o9uGbK3GDsj9zSWm7tQfltEcOpa3fPpXRYzNmfFp/rRbm3c0CWXBrLH2GviMkqqmt94vUvaHWuKcxmAnF904P8A18UWzbla+LB20VgRWPM/lm2UMrQbdzLy+J4g7lPeX+h5jBoIJZ60HmzPcAACerB2qSAkRTCoaEAQrlm27gwIVYh2sSRZaGDVbnWnGfikXvMSxdwqQVx/StGpDSqnbLu44d8MQRDxHdEUy95Um0NaBHt/ILmWKyEFFYHh2FvEN37V1/K9sipLMsHrfbw5IR3ZrFO9axsr3Bw7B07uudih9o5nZlEoRVO08+5Aw4buWXDcQewMHkMOoglp7foEyoYHdjX6ubE/4QfFfbPtb7ArLU3GtSAwnuwgRvbstacOJcN0qG1d4OnEuyml9ysmYAyxrcTbuQId62tXE2WR1NY3lrWOKkUvOHoy7VAh+H+KmyoveuHObGI2HCrteyNaKxVbzJsPMKpOWFNbiwVpmDdRY/dRhFRea9q5QDcgPLlb/IyntxL533dlUwHymHQaWntB5TCYz4IYlajkoe9ybhg7eJYqlL70ZMhfVmcsuJuySfkz7LiczeGPKJdyESkuz2nagc7k4gYbbZFTYBxB3LaDHUPGPLSjDRthNteyJxGYtaE2MNvD14gXbosdAQ/CKss4T8bKxTOxcsZ8FNi4Jt+LJYZT866c1vXbstdQ61tgt+Rt8BZY52hT8KBDeN6Lh9wI4hew7EGA+Qw6DS7zmO0JyaT2pTbFeB9yo5aOm4VV8pO+yhy0a3DljkKCVB5rjmXDdVNoaCzbA3NsUBRe4K0U5FvDTcyTh7A6tSpjcOZ+SqPaXNSYTiTttpcWJdw24/KuJl3UdjMRW7kxjktYwQWA2di1rZJ2RDicoZDLn/UzoDOKr+PCOWlyAWEFpuFQWzmTdtbAsjMABQ0BylfyqulixTB5Toul3mMYyw6I2ChzWBiulysT37JJJPxVPiGJtuqMs+IpfcOFALttJfNTuBavDVsH4g4Th1LOowDHpUxKjW9thUqwIZQwevbYvZXr5lnLNZrt73ViwUjZbCZullgi8T3DbjyxjlMLwQHt7NfViVoxpyWUViH5qu4IBuRkNBsBuhflgYEbbHG9hioVVkFbybc7bqvjZce57w/ErB5DoulvvymWN0cJbLfpVXmsZRsFSGBNz7jt21cGvytr7VEmFBWnBDve2yzatqlWpKcQIbOaaK9g0MEesPLFKSuz4/FpfZtifRbfnZXuXh9wnLBJ7B7cgfWscziG4fLo/Ltz25+brBmfZT8S1mBtYVpayssb7AR13KE2VCcxRNwMqTJWs86xizPWBLAGDf7LPcsXIUweMw6DR/fkMYyw9Fb7bC29K+y2LmBsS5CBwi5NzYnDptEZO/Es04IfC5eZYqmuZDy9DWeEGdd3cwQe7F3BqfjuesVg2teSs5YxSxEt+nDPulh7UfK3f+StAh3CXUk22W8ubVEodma7eCjCxUrAjuATSu5W+TYyITiWn4DLo1OQlZWU/UkGN8QgM77PSP7hh7Op8Zjan03lMcw9B98LdEPaWrmI26VLtNnytXsNL69y8P8AGvhzuPM+doKwDmJQpRoJv/NvBIg9j3iW1bhRVsluMHiDzPtUBurqCrOIPx4Md9v58nfU22zKzja9w4VxhlAUYItTltzMIcWAVs5AVYFJuZwJY7MxsxFO1rkMRdq1dg//ANDWYFNnMBPyv7JrZ90MB0zM9ZjaCN6byGMYY2mYTpwuTYgwobvHUhuaAK/k8MDfI9xt2gYRUXIU97DsFRDhvRt7UAsajjiIJ/c62jK/43zDdsYRcq6vzSqisNfOHBxbSGAWxGBBFvD4Nedrkpc43o1RNfDZEttCRFssa6wVrTUS2AJxSmDFiC8oQCVoyTtG6xAVqXlKME8U/Q/2BxFOqwdRjQ+xH9HxmExjo8zodP8Az/8AYx+KEkp6xOJrlK7Vj+u8rtzL/oDmu+7lhW3IwL18MhQWthaPm4UKOT+RrttitoZmZln1sssBo+Ctexa44q4QS+3cVpGzODvKtlWl25bE7ricUmZXbiM+GYYsVN92QI2Xuvt5USw2ErlagVtbh/ytlncitXbu3ZlWepd70Po+4hmZmCAwTExqY0/sf14zGMziNZD08EDuZ811r+NTjQrmDRz2rSX/AAIOUyCtiCwIvKrrztW0827uvBpg2WYYvg2174jlCDmZm/5Z73ttXnVxDzilYWXtvYAVoKhGf5YG43I7KmGs2iIwIjrmcRXtIHMcMC20LFYtxN3wWteYtagabe497QDxS7q7Bu4es/iZyzFtqZzq/wBdEmJiAQCDoMaNq/jMJljT318Cv4gvyb4zPdTnovM3YFi8yvOxKyK1IyKgztdaK4uNvDObHJCDdzbHTKpaUe0bl4fO25tooBJutbfU3NW7hju4evlLzQxSrB4jcxyRWOyjc1dFLb/sb13AYpVDkNLBleHXCL/9Fl+G4VPlxDhY7YSgduhvVM/jwYje9LfrpX7EEHUYY2tnrxExzCfBww/EOzAm25+0rbvmZmZ93+8rsweKGVVeau1qw3EBVpr5kvxXXwaduJ3u1KCtBaCWrVpTmAYhy9pcKBTui1FIryw75TUFBlr7T7WGCzMJ5YpLMbybLQdgznRRHr2mmvcUXbOIXebV/HT9IzYgOR/TEwjPgD0MfJvel300rggg6jGh03xjnTHgMYyxvDwFnxDdqgAM74B3Jy4t3QN8O4rrHLS6vdKwdjIUIb43Ubiv40tXnFvxV0nctzkwKFWv8a2WhUobctmEiLLGJiOwlihhTtGjtthC2Q3BJ8WHyVi6rKxzTZatcrQCWvusru2kHMEs7hRgX2BErYvTw7kwdgWnE2GyUWfjGjd+I3myOpYE7F1v+ulcEEHUY0MPkaWN0HoOnCNhlT4BcL2E7AehUm0p9ivdsswJUv8AJackPXmJ8Zblyi7Rau4VrtUDbGaw2d2V0GzhxtHELmO2AbsTnEy+w7at9bLaDLvklLtW7Vq8dWQVPzVPDmEbKqE5r8S+wcIna6nLUXdxo74lhZzwjYPLxaWwAWtda1AccuxTpas2hEBlv114j1pX6EEHUYYYfEdHMc5Ph4IBZuJSsHa4PMWeop3CtZzMM9vaq4krN+HEcdkA0s9VbhCJtxPoKt1kWz8l53THYIIQsWrLkK8vBrai4MGrVpYz1tTYLVZNkHE9qreayqqi3L32ZrSqzfLs120PuV22ijNjtszf+K2uwMu9rLK05YSzPEcUMyo9piXfVyFl3avXiNa4IPAYYfGTLW8J0/8APTK7/nu7juSPi1gWJcDKpYpNhQQKoiRSGat904uwgUWEEGcQ7LFfmKqESzcsDta1lgqFa7S7fNl3QYjbUifSuzFz1hw9DLKr23ModUq5QT5B+Hjjk18OxatUw4YWTaKTfULFpsNb7+bYStKHcWuXfTwIJUBUllpeGtq3rYON+ziYzAR3Lgph+JPy1v1T0IOsxoY3gzDMx2hPj4V8oVAJIBEZsoUBi1qsrPyawCA5n2jmbdldf46qhzXsrBnNapgy2AVhY62CVsdu5Fgr32XMDOVtno7Q8FQWNb2SkYy6RbgZdTOFaXvg1DA7Y/8AQPbg/wDXbnZwqFRxCl5WPjxNfbhUxFHMmVYUtmIvLqQWWF8JBhgKilvGLhueNlivaT8Y/wDusbc+t/vRIIOsw6P15hMJjGO2fEdOBTFb+2Qsz/Jn94hwBjag7KPiPsvDhtytzLOMf40rsqru/I1a2T/HIJ5qGizmCzE5Z3/VaxvdWJdlIOJtdphFnydlZSGoywxFr2nje04V9yO+0XnmGqzlhm+HD2Fmtt2up7EboxCS04VBy3dMPw/yjnEGJ/re0/BcW0cPV35oM2ne+Wbou+0HtYIOsw6P1kwmEx28bepwRzT/ANWW7JWPjtyfRAWH5sqhyMRvxgOCP9VXDobXtcKqVCAHDGwQfWusBru1yqJxAJSoEV7eWu7sDtYuAoRrCbdhX8krbE4glbKzleJXenDpsXinJamobBXvu27GNeJsywglibjY+1hZlFbdXWoVR75jvezZawArUgVO2fjXKyWnEnt0W/aL7XwGGGGP1GMZmM3iGjaf+d/q+xZNzP8AGs9qwvYYj4VFGKgMRhvrpXZOL7ov46aQbWs+R3gQHEuOU4VtycX2es/Fj2osDtaBhSGgwxNfZ+wcMH4YNubC2W7YjDDPl1Y8xE33t2TkYl1NjSmz4cTdk8Hbv0csbGr5i7QA42r/AMVwIKyEnGNheHOanGDuUEy18tmE98zMf7RfawdZh0MbpzCYxjHxAatpwT/jrE3YuYbgU7nOdsNZYEd9uYi4XiWw23cLXALYVLBirDA1A8pO6VFdvFDeK7do+y1oa7LRvStSkrVd0tO2YR4GWsImTxHzCDl1cMN1lxFQ4NY4iWqF3xkUw0nm8Em2xmxGdZZlDWoSbd0Fq7nXB7AHiMPYnMKDAfJLVE22vsXMzC0zMw6J9lg6zq0PT//EACcRAAIBBAIDAQACAwEBAAAAAAABAhARIDADMSFAQRITUTJQYSJx/9oACAECEQE/AdqFoXtrctv3147lncbLly5cfrx1qqxbL5Xq8/m6PpN1uXL43z+Hz2Vk3Rsvv+Hz/QX9Fnze/QeNixY/JYtofoSWparH5LFiw0Newx7m6pCiWLYWGiS0Lf8AknG250SFpksvlF6EldbZUQtTJZofockbPWiVELXPNEvQmrjWpEqRFrmsriJejyLV8HSFLly+LZc8jHkiXoz1PodI0sWLCFRli6R/Ij9JjyRL0Z6n1WNP2fpjmyM79ioyV2KPka8H58Cvm/R5KPQ+qxJCiKLR+fiPyKjLFixYsSWT9Hkq85dURGiRYsWxtg0NYv0EcmqXVY7mT9NuiJ6p9Vjm8GsJD9J1n3qfVYi2skP0nRE+9XyqEX03qyQ8L7nWfer5VCFh4+l4f2Pkifzf0iKlLsaqyXrS71vuiELBKMiXDAXHxsjCCJz+LCT9b5seCeP6/sVl0OWMn63zW8Y63676weSJPGH+il1pQx4xeN8nS4/Scj9jnfOxakpZxlql6v5PwONs7jkORdHeUXYT0yzWC2TxSGy6PyywkiVb+cIaZ6L2LplhbOTuqoz+K/Yoo/JKJ5H4o3jHQyWhkYpnld7ZqirbBnIvODL+Kx0SY9PG/JJXGrbZMuJZ8v8AlR9CLC80QhFsp6uNeaSWxsbEsb1n/lW5cVERFnPSzidZrXJiQs5OyxRGjZF0WUh4fcGQdmKjHpbolo5ZCx6EMTFmySwYsJI4pXVZrTJi0y8s+Drf+juiP+HG/miWHwX9jqzidnV6G6JaOR2VbUYlc6Phf+hCk0RldYSlZoTGWLYLwx9CHT6Rd1WS85yYtPI/IlZCHW5cvVHHOwquN6sRLFEqM4X/AOa8mhLQxu7q9Cpwy+aJvzinclXhdZK+a08rshC0OrFJpnHyfrJjl5E6t0brw4SXnKK08zFT/wCYPQnYhK+PK7KqdHR1442WE1ktM3dka96VWEvyxO6w5HeWHwvhCH94skrbWS7qtP8A3Hil8rJ2WPzDj7FlJbuRefRvYTuqcr0p2IO6yZJbZ9+lxyHKxJ3d6X0cXWc1VaZOyr36N26LTx9ZsdFoZOV3670cfWiaotD8jVn6aRK1tcGLOevlj99p4og85UWmZ1ufooTyloZekife5713REcpamMl37saIWUtLox9+7GiFky2pk+/dj1WOT1WGPv3VWOT1yH3rehQdr6VhDKWF85Eu9FtS7L5KscIZSr/AP/EACURAAICAgICAwEBAAMAAAAAAAABAhEQIDAxAyESQEFQIhMyYf/aAAgBAREBPwHlYxi2Yhfx2MaEPH7liz+fxWPWiij4iiUfH+Mx6JFfefN+aJZord/xor6f79xYr2L+EuuZiQtbLLPkX9mL5UV71s+RZZZYmJ8lcifOstje9kX9eyDvlWWx8MXs/pRdPljhj4kL69EH65I4Y+OH2F65Fhj44PV5X0Y8axLNFapFHoVC2YuZZXEu8yxZ8i9EWU2fBlNEd19FcUe8ywoCij4olCsojQ5YvZ4XNeY4XBHvMiI2WWfLW6LLLIvR/QvFnj4o95liyy+JCeX9Gijx9ZW8e8vnj9NFo+SI8Ue8y470RF5fPHPj6ytXiPeWPnWj5or0PHj64l3lj5khL1rXKh48fXA8LvMu9qKZ8WfE9LVei9XyrMeuVj1s+THY71ihoS+ksR75FhlD2u9oosT+ksR74Xhay40PrEfpLEO+OKxeF2T5K9YX0liHfEhaJElxoRQvpLxH/CLx1xRW8o7XpH6vzQ/KR8ny3oorgaGuGHG+Tx7JFCZdjFvPhjw1zePrZ+SuhyPkKR64J8MeFyrkWIdaNll5TIdDYihD7zLgiuLyf9SMuRCEihsb28S/yMiPRjHvDi8j/wA4T40JYchveK9FC9C/9w1j4kh7wfF5VmL4kQXobG94q2dIsvFEsyw9oa/miJK0NYQuGEbOiT4PFH9JMirGqEzo7GIaHuvRF8KdnljTwiL4fGqRJj3ojGkMXpZovKPIsPRYiq4f08sfWVwQjbw3weNWx5vVIY0hqmPKhfsTEWXo8oo7JKnhC638aJcPjVIeFmhIazJEoWh6R9YTH2R2iyseRe8x36JPgXZ0sMWr0R5Y+70WFiK2WEebMd2Pg8S9khFCysorCJKyfjrVYUStaz5esoW0uHwoeOsIZHrToQyI1ZONPXxRt5a0vDPJK3pF7Phh1qvTJIQhoWWLoslFSGq08apa1pOeqFq+BdiHq3ll6fgkI8q/cxVsQh46O8I8jdD1RF83j64WxI+OkViiUaePEsIvPWF0NWTVPZC5fH6Q8pZoljrCeKLrCPJGyMGxL4jQisIaEhlnk71WI8kVbytmLFXjrKzVDPwR+YQ2fh3jy97rkhCloisIYxetn6PSPQh4sVDyx9HWPIvY948S9CdrCwsLR0M9FH7hobw2yDd+9XtIa3jwrHjl+ZoWvWFLCdaUIcUJa2L2UN5fZJD2jxwPwWHi/WF6JafIvKx1tQvRZ+4vLW0eBYoiIaEMR1p0PWtOhap6PL2jwLKI9aLCxR3hlFavNlYeLFiWj1jusLCF1mtL5axYhiQ/QsTyx6x2WqI9ZeK3jlrZoSPzMsIlmWy2WqF1hD1rKysMYnZ+4T/NLrFYeZD1WqWyE+K6I5Qxn4L0OUbrKHq3pLVEdEtrIi9LgeGvQhDIseZlCofYi8sRLSe0c//EAC4QAAIBBAEEAgIBBAIDAQAAAAABEQIQEiExICJBUDBhQFFgA3BxgBMyQmKBkf/aAAgBAAAGPwL+zE/iOf4g1/ONf2bf8kf9yJ/1aj27/wBR9f32j+0MfBPoI/uTH++0k/ySHx7DX8n18nPpV6Hj0K/sMvXxwZV8Gmd3sl6DRo7qTj5JF/TrrmklkL53/A9GS5Ql/wAapNmiH8EHJt/hP+BatMW5/wB5X/C5X5L9doj3c+ol/wAbyMqXz4/gkfn1UqpKpDXP8E7jt/Oknpn3T6aaVy/xd/wp9KcwZV/1E9bbex/HycnNuPmkfv3+Pr5Ys/fPq36qfaPrj82YNL+C6Zv8yXZ/yRr+DT+W7bNe9jphXRDGvzZ99HSvz4fP8ETJtscjfRK/HypeyKlv+CQxx/BOTnp5/J1/BeDhdHIt/wAi4tLf4WuiESxkEfwbg4/E2zkl8ELm2iOLv9/xnuRNDNuEcyzs0ju2QzI0rQS/4rwTbRt2iTavlUY08n3fH1fB9+k1eDbkj+mjb6ZR/wBCaiOCKd2mo0QbO03179H3OGY1cGuPXRVSdlJs0rQRbRPk36OOqGSrb4J8P1vGzGCbbIRscHcfV49HHQpMbw/yt6Ofwu0l3i3GyIONEr4I9EhHP53/AGZur8GF066J6J/Nn4VPsO0msbtBDsyKmf8Aqa5+CPnf4aq9hvki0O2MHaiauSaSDY7ron8yV1Yv2EkmJPkxr5Mkb5NH0R5IV9ER0NEfNPw6N32a6P8ABH69hC5Nsm0rkxqEqTvtIhdHHRP48Ino305r2Ex0yjdppZDJXRKR3I10Y/jST8MeCY167I2uvtNmRHxZfLPxYwQ/gTVtes0RXbVtG+htGNVpZNsuUavF8X07JfTj8jnqTPsg7eDfPrljfZCN3hImojwQrIxJp4vleerFvRrobtHxQ7tEWRsnwQd1W/Wc6O4k1eGTT1Yo2JK2jJmn0x1Ppn4cTu5M6TdpRNnSzQrr1U22QNm7ZWyXHRodVVpIpO4+jZo18EIpyUop/wCOl/5g2L44IINWhmXi2XgWN+Bz6qLzePF8aifBMkUk1O2yWSatwTJPwSju5IrKn/V5F8cokykl2gdD82wY8vBFJLJFHqpJZC4tFpMVwdpPkg7iKUTZQQaMmYkm7Svgyo0YNmD/AOohfHomkhmVptK8H2fdpZAn6jZq0shGRogb8k2ldUUndaSBQbs18GXk7hC+SGN03hjIH+kJ/wBM72Okj1MzaDRL6dmFPRo0bN9UIhkkr8GbR0Po3Z2T8FNVJPlCy9Rt20bvDJpO5HaTUa6JRvg7TGq3Eq3azGsyJtHwtdMrp10QKDK0jgUlVDFJK9Rs7bxSQ7SiKrT4MVbttFRNBEE1E0kO3aQyfJD4NjXgk38apN22a6ZvJDGoG0bs6v2JVFPwx+fBs1Zs7SHbR9GySKTYyKjXBshcGDJVu63aRUaPu2iPim2rTIxoi0XhEMnyVUs0U1GJTHKt3+om2JI0Tbut223aTZvi+S5IqtKtsypvBJPxTbRJLNEmrwyDZNJ3mY3UY/8AiSZLg7Tfptkoi0kGRu0023wTdJWhmr7O3ghmiTFkWRD4O0n4MbwjuIGiOnfJiyHwSjZB+0f+oxtk+nwZowVvoxtKIZokh9GTt9X/AEQyUbtoT6MauCfgm27dukQcDnybP8mj7ItDNmuCW9EUrZP7MSF6iSbaJMmdrO4yRu0o3eDQqSDg7ROq0Igk2SZW38c20d3BJNBLKUvAuifFoRsddZ28ephmVpRs0aNEu2MEmzRFRNpHWyfFpSO4xRkxKk2R0K0G/ghaRNTNDw4HQOhmNPkyfIoNmuLw7OllXqpkg2NWgiq2NJLJI6MajW7R0aMqjRlUQTSYu6s/g2dpE3kX9SkTMUZMi0ol3lGiPVd1ptvgg0yWzFW+ujRjWdp3XjplEM2fXQ2aIqXVJqnRlV0YVGKMqjFEuy6JJXn100kVknNsqjFck1Gju4vo31y7waNk0mztHIyOqGau7SbIpMqjs6YNkPx62L6No3aSEbNW56sjZ2kMVm1bdu03aqLLpyRFoXJN5fBJFHJ3+T6d0/AqhQVoXq9k30dyO0+iSLftEH0Loi2jdlZvphEO0lKEryYsnwOlGVZoSFBs7eCXycDpfKNmVRj4KqCCSFwa9bBHhiNXbIpO4yRDNdGVpZBKMjQ6X1aRLO1ikpNnBjTaCeiSLZVs7RO2KIXJ/wDCqm2VXqJtomq80mdRkyKkSrSiSDklG/ggaY1b6MbObbNG1ZQJkQZu30RebJIQv1bHxZtGhonwJIx/Xq99M2gaMbSbMeiL7NX2ZIioyMVeaWd3BNvoSJg3pEHabNn0Yu0kUmNRrkl82f2SibNPwN+nnp306NkoR9kM0S7xbVtXkaIqt2im1R3EHab4PsliklG+CEQ0fVskOCtH0ZUk1E+CFb/JFqhn/wB9PHUr6EhK2SI8k+LfVpNu2jfRkQZUkVmRA+lOTNCQkz9GzKg+zIgdI6XZ0vwfRjQdw4M6jNkIqqJ9RI7NEO02hn0SO0eCUQz6tCNkro1aLJq3aQxdEWUiU6ItCPs2ZGJ9GRkiGSdvB9kMiohcGKJGvI/p2n07GnwSjRFmzXgiomkbGyD6NGzXToXV2kVGiOiPJjUatPi3+TJWg+yBybMlwJrgVKJqMqSCFyOusx8DT8lVP79RizVo8Eq2Cs2aMahjYnbXFo+DZJCJIZKO4y6G/wBGV8UT5NndwLEb8mySLQQTUbO0kdVXBiuBVU+BVfoT+vUq8MmklkXlEeLReVwT8WxUo+yKjV2YDtKEmf8AIju4O3gh2xJYkuOiVbXN8TXI1UVopfqVS+jF2S6WNkGVJsjojrln0SbNWbJGPK0oxqNEGVJJKO7i0+CDFCpZiTQTVbQ6mSR0v0qjolDJ6WSZEO02Y2x/BPgwpsxqzgmom0Mmkhk2gdLIMj7MqrKqk+x0syqG/BI6SLR6ub6FdshmrKCVbdnbIx68UTVya4tJghSYoiqyavIqWJfsTQ5IsoNcWdPgkw8WpfgyMqh+k11TeOpiatoi+LtLEhEoSqvFpJZri2CtkYozIPolmrqteCmogkZK5JrNWno14FJrgb8m/VQR1K8M2TSd9sxzbXFsaiUQ7OpmiGdtoRkxRaXyNeTuNEdDV8R1Cm09VdIqDGkhj9Sot9LqnwhwYsmki32ZVWyMVxeSGaNkImo0dxFPTslEebZVGKF0OszdlZdTXlkksVQ/UwMnocW+2bJpO8mk2TTZfq0sxpI8ncyVaTNnab6sWSfRJlVwYoyZCId4u/2Y1X7OBXnwj6I9XC83iz/Y58kdGjutshWghDZIqWReDSOBUoTd8aiSV0Z1GjKrySjH9dGx0kq1UcGJSvF4V2/VZPm2yTZlfY4IdserutwZVGTMSEQ+TZFJL8EGjZJ9Wmm0eDRAsbSrup8eCCVwJjp8DGSuRLo+xeqlkeOjZrokkm0U8kVW0aOSUKloVK5M6iUSQzXJsj7tNJFVtW0a5s6mNH+SSGY+LZEjJMaBM2NO+ilsj1SppFafHVJswptLM2aIdu0lM7yTNmHRlUaJfNoZlSQyP3eFZwORQbJQ6mN1DSHQyEd3Bq0zoVaF+z6Kf6aFPCH6rKyMFwRb7PtkVGiUN1D/AEjCmzTt2sk2QJWdfg+ifBNJu0rghkoxJJN3xJHIleDGnyR+zJDZ2kVc2bNmVXCIpFUx1Pj1aN2yHVaWfSH9EEkIZnUQSzTNHcSikkhGNtk+CRt8GKNGLJXRihNkeDFuSaROq6G2SbNDqJQkyCDFGuTZC9dHRo+3eXfKshEJkslGyn/N2S7QQRSbNC/Zs0YjXgYqUdrgbW2juIpIdo8WwRTRZ0jfkyZoTY6hZcs16yOqbfSvSkIVJo7eTyTWbNGhJ2dtk37iKTOs0bHUN+TL927qv/0ccEIdJVaf2dvkmrkVRiTSbIEQMkf5X//EACcQAAICAgMBAQEBAQEBAQADAAABESEQMSBBUTBhcYGRQKGxwdHh/9oACAEAAAE/IeLw8IXzbcVBC2dYrC7wsPHTDO89jTNixtx0/NiyxGK1ljiBPK5xh75rLxY94nxY+CF8u2NMaC2EIdYrIfElDwt5bGozYYhlVOOv5mzhFjtEaHOZcj+MiGTwfO8Ng+THhYXweO+Hog0EsI2OsJDXjvi1wxZ7YsTCQ8FWUcXX8O8LLkVH8wxezGrj1y0PnHGxmy+Tw8IX32ImyYsNGHQqNB7wuLXD5Aw1kiHhoJ+8NBRPlZMcL/oJew5pMJRCy/8Aw943GM3fJC+L5hLmzNyaFZQeWdcdTUY8JwJP1GHjWYqPhp5SO+CUJ4UdCLKWyjoXN57+e+D0x22Pi8PCFwfFm/Axi3wNjrGgrD0IQuRyLxp0MZOJJw2K4Y86DT5UoastoLDr9t/HbDdyY+C4PjAzfheNhXEWhScJQVy3lSkk/RoJzpNPk1RlQ1Gn/ifF7Hoa/N4YxfT1y8LRGz45Ww9YmMMnznMEZTwgWvk5K6JNixsWxAlfRfLoeQo75RxX3LNS8IZ1IkVfBvE38GTxRYkXIMIQLK560xGajb4Ovj3zesqDF/JfJtyKaDRsdm6IgbhqxNzwkkksvMEYEi2JCE2PwKBpMS9D2scL5dAmwuBrOvu/jMay+DGLK+TbkZI0Cw0mi6lheTJyhKHoguKRE0OErCZYmfxi9km1DFKdfBCwcVFpPFRCa/8APLjHJZXyPeC4MS5VsbocWh54PgmTEgQCGxLP6MhdkCAoYxCYiReh5XOxiMCJodB7PySW+G+H8NfYYkfB8F8vYqYuO4p/bG+EmblBBLAgsBINsQNjyj0xImDJKGKmJysShqPzinpHosJiHwIaH/4kXDXi/J4Xz1NhbFwYssLDf00RM6wx4lEBCQGhogxqBkN9EiB4ZGReHE7RsaGXtEiwGMLFECA2WHgtiKx6Fr4v6XwjH8UL4PHYQuKWKuMjImGPCEoQmyTe8EoyBJipghDNZITyziO0M4glFSBIWGSQk0bSbeN3lFA9/F6+e640jYnhZfJ8niti3weNCRGgmZNDHhLC/Twy5tE8UKCnBO7H+B49dDRLPUaBB+HgeMGEJJEY74ISFvhYgdET4P57jz/hHfpMk+D5Lm8NjvktZxvDGJH4iISxuRIXgaK0f1EyfBRENkwN4Ku0JGow4/VlO0OTRbYqw9YNA6gWjoS4HrAQvFYfCOe3GkiKG4Pgvg87di1x0EtkmDw8NlLY2EicYJfWEl0LwL8j2foVcDqPQ5Kz8iEcMWQ1YlKIqY2ao/pNhkyjsehIR5wlYx2OhYZKR3fwL5b8Yx5u+UfJ5u+CMaiWY3fBiQ/BOMUjAaiybWCLxENaFNUsbGg2aGux5CQ8HRg7NIuErF7FeH0IWC2bue3z3fFkMyM/8B4aneFxs1XKWDCWDBi+DQJcwqz0O2BRCGpR4InBMiAOwVoUcm+GirGHJItCwYkkGPfF7yub4lotiEG+7z98mhE6jKkWaQJPBBwCQgSIwQgggjBoTIkiMtjtNC3BYkOx1kwVQhD1BpBEGmEdEXnfF8XxehjO8vEcyCFr6sg3Egd8XgmF5hBUOkTLwQnziCQkJEZggggjKsIghbIIyaCyBxBWCVZD0KyUWHDwSYlYtHZfnfy0fCRDjC2TqT+xjY1j1jTg1FhkizsSjbGrC4rBBBISFiOEEEEIgQaLIlkiB4WKxsdiKJWAxiaF4KRq2O3ZuISk6oZuw+L+08OMxpEP7aDVnR3xPAmR7eCxRMixBBBRYSEiOKFh4QYhdLsFaNkFEwKMbGopaE5EIVfodm2JncWciWP8p4MjgMkeHgkVimexfb2PR2LWHhqNLjFmwnEyFwLMcGPBiSiEJsbBRE4MMM3gTFjbx3Nh6Flf/wAPXD4PMIoPSZJ/b2dHYsMYxNlMJJVZiiZkdDZXwMYghROM2Iu5H9KvBiRxJqJ0PFqw9CGUQ6F/4bzTHwBMnIiNuxPL+DNcGgncC1hjDQJHGw2x1QliwsEwQvqPDNCVhYY3GNCSc47QzoYacHTEHlmnJJOExWHlcz9d8PMjzGGKTQlKMTw/g/wc2NTs0w8o0tjDDELMW8EEsUIQsIxGUsNYesNFBvGGWCYqCQxPo0MQtF2CQmdjJE4yIeeBYWFxed8PjJIhkj0MsLmQhjfx7YNOTThenhuLFA0WC0d5JiwQsNmxF1Q8NoaDsxCxkxt3g7DosLWMeULY9YcZsTPo/BjdqG60PW+S+g/geJRGRkT+hY94LPYMbCEaEiUVWEERXZ+gj2O9noEokGIBizBIf0d8egzpyNZD09RaUthHoaxZMcELYjotknsIW3IoUISVk8Ak8EsR9H8qRMIgggSSSuC5LJjQY9mnCy1ixGxVCChaEDoCf0z8WPvDM7RiW2SFxMbIc2NNj27OiF4DGMWRHkoGPKNirTFoj6kfz2z0d8jxoNHNA8PWK1g9i1nUuF2djQpJqNRoQ57FuhPgk8O4hroX0NWQJ8IliD/BliCIFYwQemMTFGMTNjNZR04Xo4R/4Xoe/keFDXlP4IGmD2aZ0N2NjYgsCyKMUSyTkI2K9F2MFBMTGGGgkWB1rKwwjyS7nRNgG/FBLDEvjgCcNZVF2Jm81f8Al0+hihVRYMLg8tjUZsaZ04K2SYJYpBXIEEZoBsqv6L5cCVbJK8cKbJo6BpXZXNMhKPUb/oimDtAfUM0GSMXoeFh5cE7MrRyXF/QfGGQQRnUassbloTkkM2NM6Y7GwiJFwmA6CCNxOxk7FTAm7GbKnactpy2yIREJugwThieDeOiSWmdRhBDmeCJwIH5CXwtkdfoTMjyh5oUn/wAhoJ4rK+muGa4QRhImS8KbZERl4bLFjtiUYbGozZpmvD0O5dzhFCwqHomxBHaPYBoggQ3g7aF0IbkQWGIWz0LCLUgSkhktTA3RQsc2aaJEXfEsvihnfy04RiRQaFJoaEYEo0CUFrljY4h8szc0Ik0a5zwgijCYQ08KSdEnRD0JCA4Qs4QIQIIRAiXwEklhKfSVMWKfBDUYgQfwshY/3xYuDJvC+2iaFsYboWC6GnDHg0DDwTGo2Hjc047ceRDVjsUSRCIxKJw0NDxarDYSEiCCOEgZNYi8jboSMoV4uEQMZMn9FrHeHxYtixOZ4PzaJxpkaTVZYyiJaGGeQwmGKa8NxuJhqOxqmuKFiHkggaKE2IQKOsUWRkjkKMUlED5IcmhSD2GrwYuDELM8rc0RJLJQMNRqNWWPDYTNrFWNWHxNS7G2THY2RIhZkLAolcIszfCCDnoRvYlFY0QPgEFqCFyNZQ0IqSIRLXYqXB8dBbF8GbOUFEkQ7wboTvFlNcMZBtmmMWRAhDxfDNRA2D3hHeBxE4LCRAghYksFwxkBrFwY7jHKaGMfAL2hJQyLOFJSLDwhJUjQhrnI9bfB/dPQ98HlU6ZMdJkzIOz9D+y0NeB6zGsPXA+EzQrxN2PImQmLBCEJDFsbQ0YEi3iYosNCYfDPgdCRRAWBUPMdCmdA/ucHjoaFWOwubrD3xeJyjw4EwNY9ckPWC4MTo2y8N8MZSeFKwhFEVE5kIWFombCGOiBiDG2anCJkjY82uFrQyCIGhoVMeFH6C3KIFrL5dhP4IoFza0NCd4aD4Ni5Ikvx7ljGSqRYY0w6EqNQagWsEITJG8v9GrwhgjXixokkbGxh4KS9R6LAjIditEZnizKEaOxce8aYLktY0+C2MJXglQ8WuUPHUbgdjFhZfKbhvHZW8UkZyEUyGGEyRskQycxmY8yN8h5dEA//AOkztMntYccL6EiEjO4z2A8rgjvGnBvi8SFyWVxLeCdDeDXCytiQhjOzrj3w8TOROIah4LLgpe2hxGg0YNwIkbyhCZJJUiNcsr0RA8HhEZWG/wDowdtECZRGCoEEGsLmSA56Yr5XWXwmC2aDjL8ZDVnQwws8m/BsE/6EDokZXCEIzdpqmbmgsYGsRDQX6Eo1di9j9D9xz0NqTExEMV2O7D+EL1NCB4PCYRvIkKmdmpAx0dHQ2amEx4WNeFrizTMD4NfCmA2KdcsQ9iHs2xIXJtkzcICN44mVYyYQe0JSAypUJypocWRBImNJhKmSRwH5MdgNJGoDqUJuh6CJWC0sMBRDw8VYMUaNaKhiHs/cV1jEWxjRMaVh3nRoaYnkzp8EsfBnYQINOCHvDCcXhsPBlhAEjGgPJsPZs7kgEqQ4hhWJA1LJcKlqE3sXEoP8kuhONs8PbsiyMPDxlf3AiQ2AlEGmNJks0SPYziUUWVnr8GbfB8B4YsMWxcXsZ2KPl2NBiNWMUYkUjdi2bIww2LolUPEhhh2h4THeiSYkksUE5JLwSpom0d7I81obDZURRRZDNaKGWfuCCVDRVwzYtkYfkkJc7T4PjPlU46JnVE5Qxmgli4s0Nx4IgbEmFB3iSiGx5UcvDzIeUJ2MTQxjLCWfgTmNhiCwEglCMYYbGw8InMUm0Qmk8YWSKMuhDTPQnAvZA+gpKS4rC38TxwPMZfCnDdHaXQsLD1hhRc++DskoBpcnZNx4cm0sVHW+FJ0SMggjB8RTWVgmXio6ZE1jojEJ1AoJoVMGrHg2LNo6g2oEpcEE6L5NhfVY+Id52Q0WVjTG39ERImgMMfBDw6UmQ0o1hnKQiCMEIIGMY3XAVTJjGzpCFJEihgbmWMTgUh4ViRLpiV1gSCciwfBhfB/FtkSvBFy3oYQXNiDDk62OYMMfCKXpFdojOJTZMYU6ELCExDw2Nj0PArHSxyYUBJxYoX4HRugoaQ8EWJqDolI8hJYWO+Jc3o74PgsBC3i1TTi9DF+ceCGAo7Yw3OUk5JisYH5sPzEehMgxoJ0SaG2nhYWVg9D4o0hIwS1m0rnsTsRoxchdJYjeIgYVixYVCwxfRo/jtmWCyUyhmohOL4LDCy6Z4Rx40XiFoFoIq9FthqEqlEdMkRGJPlGycjweZjtZBgQVG091pyhJfUazNSG30O2PDxdCSNkqHEIQzQsL4nrE574bjUMQw41ysVYIXwNZvQ8pLOJyGQRllIQk0HnYtmgiMQdDJBog3YtJFhQEUXgRobMeg0Y2bERobOB4FSAh/ocPbGOxofC4ihrSh5ELh18B404946w14t5UsVZWSFxZOIrsQjHOxsomXDeU4Zb6EN/UFLc6JZjE6L0ROUOW8UpnhwGcWHiElkcmwRRqVxZplcTwxvCUshUJ/MIO8dCWL4a/HpGM9R+w+mTc0sIn4SeDQKKEGsSQE48UZIS7GoG3DZyeyeDwxKJFQkhFY0YUIMhENaLICZshsU5VyxBIqsxZWhWdnY9jwirKWsBJJYaTGoHmuTNcb53dxnQPyR/A/Y/Qb12QM5WKFogloYShaIUdyMe2NkAzDUEUQ3oarmBnY5Jd5fBEwQht2XtEEGq1hPKsh4rDwWKMXHlrCwlKFh2d4dCGiHGh4LOwynx6DF8LeFqITh+YKTKgWqSGI7wQRMDVjIv2Q7EjGycLckFoNPshly3ZMBzqCVCtIn0NO5MNnWiKEiL2diG72sQQWWWRwUEFBh5ZZjrCxQ8sSFQeE87WNCPwXWVy0D+DS2JS2LhcQp18FQtiCllMjpnmO7kg0Q50Q9oekLae7/Dzn6KcstaFQhgGi1pSyJSSYp6CyjjsbQROGPIg1gZ1c4msjWGGpj2TDGQI7GuKH9ETEENDJh6Ojs6kYWI4PDydc9jQTFggQTw+DvC5zpk7sd4Ez7FSSaS/6NdnxCpJXoPr/nspFZNzZt+j6MC5wEqoFvcj2IOloJ+NcIFieIYlpEwhBBq+OQQRiCow04HvCggQUw94WhIWGmFbLLKBzCXoWj+kmh/mHhckFhEWKhQNAuOghWd2aCJRW6GdMOcQQiHdo72/6WhnWiatkYkJJE2kshhBuc3/AMPUCSl/54UAZKQ33JlEVwJDIEJZNhMkYw0Rh4ZEkDGweB7w4L5SIeU5gacCeGc0XaSGj4Ig9ej2lZJOKdDPm2Ny2x5fGjxbGgkCHJORS7OhhjbJkimcCxCx/wDbo2+ZAZWF8ENP8Oqf0Wk0/gliJfpkVrbjt6G1dLHLUvwGeWxEqYexWG+CYGcipgNqDQnhQ0hogjDwYuNimMVDw8PDpJOCYh4UmkoYkA6Wfoc8vLEnGXJ2jv4Ti9G2Q0QsuhCMe0JlhMiNneJ8EEUFg/ISUwKVi9GppLFGe2JKBs3KpDYdRcNhsFXuRkxOdstiVkpJHBSZVPwZBA8Pg8ImLwsJ2MWiR+4YCQxbGzWF0EQ9oWoCdD43b6F6UoIbCwuPRoIfJ4YehWGoVaTIWGKJy8G5Gp0euBBFFFIWCUcNqgVDaA9zf4OmWNpwokdhR4U1H+k0LshJ7+Dr6FCOjQoE2zTNiFGSQsGCPix54EF2yRJp4LEkTrEkiJNuSPBoQT1hcVT0yn+4m2EdYO/jsFh8XhLHYejcIKRa5RP0yVNjGk6GK+GKzEZIIIoTRLDh7RZCBTBJrSkvNhPBGjlIiKgRSn2bBrEShlmbC2VGwbgx8XlaMASHY04WXaykCcM7k9E4IWNiV+CP6ogRWjJKWJoF8E0Vrj3h8HY9DjOo4N9BsJk+ydw3QRQQXAHh3CJRIkoTJ5jyjZ7Ek3bY6k2pHWa3BMt0ShZ7w1wCNO8Uh9ojBmhZMfF4LRAXYZKIuKdYQxsrWFaGuGJZIhmw9ReBCTXfClogzT40ce+MUbhsWNAx4Y3LSCQguIIGhlgtjnYIA0JWNegrGsRLDELyNdSPSXcdmWkPbos8Fwvsg3QtjSLY6YholyJ4WGMknDGyjAagpnXFCGhmhm8DUMpoQ0aDFPxikHGAJBA49ZplfPYWjcOMN5EpIMSCCCQkILBAkMQILgTkpYzqDNHaJdwo5GxCCO/QjX8EbdhNA0aI7jUa8svkLZJITQvBGWTInGIjB4kkkY0skkSVGxG/BZPYhjQMUoHLXgkYNSShiVH8FAYguJjV3lz19m49GwUpgYjueJMgggghHAQQKTHoel2httND4boN1QEP3FQewhEf0BOnQV0o7dFEbFogf3hqiEpU2B8/QhMJpJnDHh5aHoiCBTy7kyuzLGqMeJ0aDikeDqDaxIUX2JafcSFiCSKKUQ+e3w7wxUPbB4Hl4lENYkFEhISEEiCCMwWgLWKRKWfwSklYkgjiQRY+mChSf0btCIIv9JmrsRBh2RJFCxA7x7kCvpANEgkSMskkkbGORQkDrXZOmOCaGt+MwKCJgdQ2RUmjaI/wPdEiJ66NnUx1rAxjQgppyVSLEjh42+Uh3gei3KRsSiQmCQgkJCRGIyoljpQNmeiFFg0oPLtDaeizwODRitMW16B7yxKKHQnaYgcncKb0FTTJWxIuYzHoTrEZZAzbGhosNKLEMA6QPhsihUyxKEVPTzB7GoZKkUNHWa9IcaA06DGhBBSJxyf5GOjfGPJ47cwgggkIJCEhckkSsZS6BEoFLYvB0seUTzsJWqsmCjbJ2SJxrK7HoyS8Ym2rsWJCgakQZQejogVimO8ain9UJc2K5DdFjB8Z0Y2bJok4Vo0bKDQokQIg/Cde9jrQKYGPIo6cjSp435+uDooTwGTCPEoggkIQIJECw8pmtxmGs6kXYQ5ZJHuLTFoh72LaagbMRAexEkY8dD1B7B64gkejKaY78kPAkIYmSgKGMjFBfc6Kf/hIxtaGgYhBRkVcTcCRHDazxFPAJ+SJ5LWMEooZUYk2flWI4nojwztE4ewk0sHkQQbrgzZ8UhayTSxKWRLJIIJCQkIQubIpZDW1I7eex3GRTCYhabyJ06jQqGyxLGaH+sc9tk5S/oiYMYpkdI/RmZ9DWB1pKELYmVMSUkcpGvir0n4PTtI0DHoiTEORz/JChlNcIRnRGxp9jH0JcDTtEDAbQ1DMTCgloRrs8o2Ml2CQ6bR1B/RRDGIIKTaJ4Y9Me/ihDgpKFYlxLgQgkJCQkQLjA7oa9AlbWXxC8O6LHzvpG0m2EGHsShA02kJLQm0DX9CQeq6J/CTF0QIClMipyFQ0LkldEgf8nF2hdrFqE5RVWDTYmY0HSsPWd7FJ7IQdRk+yD0jSW1EIPxiNSdkBMqgTJsmJQOhKU1YjX8R8hactSMPmtYl4GlIssjQgogggkIQhc5gw3NpKib6G/kWGxFIX3wnHULod70yXctibo8ibMdlsNgTrEM2yhWWpTlofrngDE8aF1aGaDTSsThGysbO5rNdi/Uc7w/wmkxAkOFRuxwRAGiax1hqxGuKZkh0FhyLZ2Fc0wKaYZrwbK2FtsQkzpH8GMeCCmz+ZneHBFbi3AggglghIQuCxBRCVvY+fpicllLdESm7Lcvaqzw4n0DAqumbFYUJXL/oytChodthvkKslKINIT1FSmLeQIxQSRgLDEOLtWi6ZQ/NIViBQv9FyJ2f9XQpMG7rwjRLJMioemw1GHp6B62GewoSKEyJ9YBA5NWQ6HPt0TOjQbdP2yatSKWCPwjKF5PBRU8KHh4YsrGvLkSXgQUQQQSFhYXBDOgXEEaA44F1kH1FMqk/70FwtY2qCorI/g/8A1oUgdilhPaMSRMmnGOL/ANI0uPJEMNOhCglJp53hbkqaeoIs1v8AdlWH9RildBMhJIicp/eMYjFjcnRRl36HtIfh7AJghstM/SoewrfoLVbCs3sNJ6bIvBGDGMeOw8yJxXwQtEziePS4LJC5pkiDsTgdD5psj7QqZbZAB7wM2An2nehAbWxSnHcEiZLA4Q43slLIskGKQaKo15Crh/mVi3AjObFLkzso/wBP/wC6HktLEsNGwici2I0xKnYpoR2OsMilnRI9jH7OhqID2e5ECh79GhACJyEqJQf0MgRnZE/3DGPG41Rjb4o0JkSXxAQQQhIQubLTDZBwwgTHCkIm2PlNDbEmUSJEkDaIXV9ClTbiCJJPKEqSCDwhoO7IU0SGKUShEgkIAMabBiioBPk0QSpPwSZFTDfGpDVQ1LN+CinsibErHbQWRTG8NGwR9iWvsL07QtFfYqm/BtdwjEIS2MnhRMprVkDGPK/xZ6whKGWiYILghIQsLmxZWxVzAJMmyUpXiBaYXBDVEiIiHeBE9LKpaE3XUkUbEsiUS6CvIDmjoNh7UdNllDscEIkLIM2BViN/hFaE+MEE6ODqLioKEUg6z2VwtiENf0dg3QM1FMqhIUK/EhupDxMQcy2PsgxM1oXCTA0ztmn+G1foxjwUdDzIs8PM4eNhaEUYExJghCF8XEhfG34XNFMIWPpYlreGX+CaSCsWLUgk1EFtBBKbwBxf/Ac6WL6rHEp3jXINhhi6JFVnA3C9FYutCfa0J5I9jIAuSUO/BlGWEihEgg0SDPXQ60ETgG9hoYWw3IdD9FLwIKyRLuCUJCaUOzvGHPtCBS0Ths7fcHixBcB7GPixZzYCiiCCQhC+NEIViRisCnySxoumjLJo28cbuNLthA3WhY5K0sawmLQUvcbiWOSaEoKgm7HQxwcSSPSUrRHsCJJY1tUP+AlKbDTeQnxaO0kw6EfmQiB2hbHA2MF0hRjmMjTsSf0EhItEsjROxBCcLEf6wRRJZZJ01DIFNbkpnsHtJ9wRbZpivQx8AhNgnI+Dw+IQXhEJCwvhoUEOB0bwnDkhUF9AnwUElw6GosXwfAY0OSFKE7B7qIrwyXVxdIbWhJZFFEEPo6kjIHsZ4hVDcKsQmh0jTIxLqCdwJ5WJggTbO1tiotSmooKw6LL8E7mVYWObRpu1hehqvSc6s7EFSxEGmLFwdtbP/hFpWumSLpL7QtOB0t2LWTGMTF/mRCCiYLBC+SGXQVSWiWFvod4JNYO4IWSWxo0SohtXsgewRoIiRGxoZECklTHUBHd0LFVSRlZR7CTttj1HFKYG6EmGxskHcj1SbD5Ntk8whPCwkkYevosR0YLt0rErWsYxQ7TdBpLdk24tDBJxRF0DrSzafwP8MW4jMp4Ny/8AqOf2214fyR59oizF8CZU4ZPNLkFBBIQhfFj3McgWhBQ7CUMcAtBCojnuyQlEJr2KF0OaceR1EsrvQraRzaIsTEWFuxD0nIlqyRUFRYXGxPegtiHtNV9CoDdH0RcIbQJifBAiYcohk1TUXUJsVpEkC34NERkYCWLRdGv8CIBC9KVFZMUD2qbRCwomRK4HkWqmeBqiqtkQ/EQRmY8Ohj+BfEQXMohYWsoXF4ICi2jG/EaDIeVUgsQJEts2pGw1GFlb0zxUgCkje1pkJxUblcdiENbJZKClGmeoIotl56FIkMkhTygmASOxtGhG80dSD+QLBnQ8owqImlwiFdNiHCxWgnFEDfjCRsWyKBQEwTSF1xZskQRQpETJ2QfukTbb9KZSwmdC4sY8HgqZOJw+CxMqiCFhcFwY8OJY4ezpFz0XNZA9R0kKqF0CtSxk9Rob6RPCITCZgdXjUhM5QKc1PCFHkCSIO0AuuoRtGMTKgcoSx6QpcrJNNlxrBN1doTaRsjqJMh8VQ02MSDEgy39QUOU/0TTTKEIBKdjQaf8AwAdtFCB2j1Qg+0HqAtzaHpOGPXqkSiCED10R5v8AhVE+THh4PBBhE8TQ2xSFyIXwkkbFoHGPUW4HII1R/KMrCKbojtA3JOhEpeE0boSgxg7HiFZVMlRIF1ob9Zue8QPaUz3hTbmvWMAc7oZ0ixoQ0KY/5AroaHlEIn1rFKhBB0GvsIOhEOzkhEtkbgVLrIxP/YK27O2WyfVYx8KQl7Q/omej2LaHsJZKUbRqmbxIuDGMYxjEO+Dz6HsXBBRBfORh6i1E40MZ+iLlNjObuPYcMaVOwrGuc9i0loQyE5IkmnR4gfrBLW1LoghhYNCS3YmhEZki5IcgdZeGZ1TkJlST9EMexwi0St3DYShZw1g3yllmwMqWNJLCH+jmotUdOBJBETbGHtHoakCBX4Ie+NshjXYqcsq4oacZfE8mMT4MQXAgmCy8yTmSRiOxA2lSZHWPJ7NIhkKM6DlIrEYwamtoVLcbJoOwTIY4gQvuSsdmmFGtkGeiKpD540UxYZMESOhc4VpC02EgTRBDb6GZITKfg1Hh3RDc7V6QMBqGPCFsujZqNiIVkWyXLEhBY9PSFI9IkgNw4FtOxOzXaJI+yO+BGmmLg8MYxjGIKnl8HsyUhBIj4ySTilQXOdkSdkWiE1hdyoWg4XpqRVgVgVwYlf8A2e6EebcDvbDZH2yvQrNMd0wrgImSx+0QI2r073g1o0N1bPwWWpSmRTqVUUd2oGZIPLP9EW7KqBipmQ96EjY1+C9imssL9oZCP0lGSidjpZ2cxPJJ9sQMnReGNkW7Eu+iL6EEXoUkiStM1T4MeGMaw8kE64bjLgggkJCFwniyRscgxD+ictB2voIBBK0L9BEv9jZijbeE2ekVapjcD9sMaDqBCoSxhty7IwetNZV2HRrSUv4NNHSUOwj+FFF0OcClvolT7POkVEGJMWkNotIhemdjRjQ9AJKwRWFISBFUwZS0Md4DenB9H8cAyTdHiV0h6y/sluOh6+KwtqkoQTFxYxjGQNDGvDEbDUXhBBBC5TmRsbGx3SE3eyDRRkaim9Q/dhrv2IQT7IB6kB7HtUyTuj9bGSRXIDozkJDJMsBEoa0ZzNaRklo1cqywCbTFNnYmb9FFbICwQw3yhMmSkQhnrifF6irITC2yaXWxKEWRKTRQbY8uXhLBPbEQwq7LKjw6WygaEVP6ESHckoz9gx5OfRMT4vDGRhiDOsLBqHUxRBIWXxnDYxjD06FrEFbyzaBrVFlaE5Y8qNCn8GiUiLo/MHaEgRzdGgZNl0FGyaTROGpYwztRRsJDN77GnOxtBjpGid1sU2rFQVR4RsqTQaa1AbC1cg7iwAlPsQY6QSXq0K8hQqCVlG1YqiiVPdrIjEyMsl+iMjYisJ9DH6jscNbdn7Uh122e+WRgn9DKD8oYQuDGMayxiG2NjTA7bFyPmxsYt4RGREqExY0w8hE+zdI6QUjouh9Gy1BbbCXDp+j5exWuo8idDlGVlguYdoIrbFNNBhIkyxEyNioGsaDoAzgXrsFTk1LGTaFiiFShTxQcbYrQ3Ex5DCCzW2JSRtj33N3Yktw+HwhX2mbkNENVtCjJZC0ijFupFVYPHYaHUH6k9TcUk7FRj3EwmSThskfxNjQs4SEIXybG8UqxLn46EaiyCiYmiCWw0CA8ZQx9m0w1omG41QEP0IegRpkB2ZDVbErWxiZE9YYutqIuRSD98ekNFnsxtSZTEULYzbVju9BP3osPzApiGmJ0DVG5WdWIj2EegPCR3a+BaVLE6D+lgo1U4iSQY3TIlqWw6UHqxYdBfmDUNu1RJh70J5di0JBQv+Ak9PLkycTxjLEEsRsdF3JcHwkeGxsUSVp0Vjoa44KJULMdDlH8oJCISGNECcGxhWueyiCfNoQzORCFskrEi/wRikZRIER0TbCLpGkItmjE2CTQ2WaJH/8A8EQKKow2D+hDOFiysYVAhnudpllifcdwRLsSpMsaMJQNC7GJFKuGDtBJrMZuW9DewsdhbXQRpl1GyUNjddWf92J0/wATbRIxO/pM5E+6Ln6aTzkk83xEbj0MMSFwY+TYxAi4JIlgqlvCYaJgUMQ0ZxCsCBp7QpJKJAhvYw56ROpdDskmxN1sSo1M0xp6ZZeKNUjLidCensVaQtMxSXaEJhSoHMBHGXAauGbkQBMEKTA5Zm4R/gFwAlGa0RBtq2hE8E82hsEn+ogV2UFWLW3R0mhElX0QqSkLkuGNOgE30iUVwKJyuZEJNEVHZdTqYnEyeCxGGsPHvJ7JFmeDy8NglcYijRCwNewERnFyxR6kIWIko6MKxVsKZtnZKSQbY8tbk4ax66DHi4WhGgSaErlHlYnOhJZrA9ELsaGfBs70KdbBJJsOlC0RYOODLF3BcLXA1WYmhIafaE667DnG4NyRivWxRShFvZEV6i4w2C/0oFIdk7tJI2IQv2TW4OCtlThNqC0I22rEn8CwF/iMaCwuEDwxineLY0vhcZGMQ2MbHIENzeZLCS/QRduC6hSFTL2WTZKF+GtdkjPYQMnKOfueZD3Ez/oJQo4BLFFmjdCQgSFQUB7fQe4iJZq2DOJbO1jOkD3+Btr2OczWP9EIk0Kh3JRW9kUSUyKNi53+jql7GUGVMQlCFsZFA2isrsnTuJqWpn8if5HCF/UxjvBBRpxtnFhiYTwuLGh5XvN7fB8GNhlfCLcjIAsCErPZAJx3j3byAf8AQGj9wWXClIhk6NdohNMYUBf6sVCYtGdgqIcq7HBMlWiEKOyImkVDpOw9Gn0ITyIp+pHJukDIXYnqEIuiRC9ogPYN7T8jTQ7cD30WWWxDpEiufQ7qns1E7FkJVtFw4bKXJFUHr7CKMFJEzoSmddENp5A046DSIoExMTJJ4vCh2I38aHweJGx8O+ZHMi6BIonI2yIDGd8HaQUGSmJY4HidolZdm18c63Z4IPQ1GxFQdmmQYVHBBFRuo1XbREC7KwU+xG8YZJuWxCHovtkyUDkq0MCQYjTGx3XTY0UYHcWZHgWwtjE+iGyR2QxaEJtMTIVMRchcNkIBmk/FniQg/LKsaaFUI9zh4k+BMRQWFiBrI94b+WRsnLJGIhpNsMVjtioBEJmqbWBamWxWdaNBajJEEs7sVlCybGeIs1rAFBSJ3iGjTYnQhEYZrC3pnsCWlxqTcE6boX0iHcimlt0eiMbE2WFuDuadRsdk2kiOiv8ARA8k0Na34ILSl4QdbYpO9B+JCzPAgCbolbH4I6/wbjYn22JT2bHldokUcTIy7EwoEycHExPED4hoLsjm2SNjYpiKGhjmSaYZIxSPIZGlRyLU/YvClKByaNkhbCbByEQdD1ogb2QNiRZvtEYQlFi20ySDsoxYLMRYIgHJKHSqmx8Nxn/VKIsao2HnA9UcRpSJVZEjsX2Akc3sAp/qX02Jb0mUqV2J8AiJndYS+MlG02JfhsUMK4NqB0v/ABQpo2x6kEQVY3H9xLA2CTEFg8zCwMfJ4YxsbWzJBJ7GWxqsSi9EgKgKwI2EjCFYsZ9i/shU7JIzhsRG3ZuskEDzpDWIP2wel0L92LCFKHQjQyAbAKuwdHUbdESn+iWmMsUf9COZ6xKxMMKjxPNDojWOEoi0j0xCYZ8m0JImw/vRfBRH9hG2FNdsYxLoguwRN5JZRTsFhtfbDNo8biCmVkOCwxhsHsQ8Jj+Ej4Ic9jQzrGxipesb+I9UJXEJhY1P0cZYiruHCVMWxwywpCxJX/B2aFnQCR0ehMlpTs/pnVAT3g/4Il2OpZk0JC2gr5MVM9j2eLfsZEtB1e4Ju3RHB2EqaRCsaKOyBTI9nUWZRPodpxDF2TN9sQ+jELipGqZ7Fh0PYksh5m0mQ30GKoQKjmltFP7ZaH4xBBC3l8E94fB5kkY2MbxQkzGxsbJz2Lh8iOXwbUgWaNArhpI9oU7dEKBb3CINnBqHKIJAgA7qRGzLZAgSJ2OaWkVMllNIQjYqtEdwyQ+wctvQiA+DNk2i8ErTWzzJScFYgUVoLe+xn0dCBqREGRWhqSJQIQbJXaxKkv6TFNI6Lu/BiFsslhZCvG0Rtd4iEHwaz9yweFxXBCWXwL2NEa4llOWMeRIxvGjvLwxN4LJj+uzdPRvobRpEpOgyfpZSBaVsQO8oNjpOIYpUEEpjoQZUioIdjedhLaMAHTvsX9jFpsW8VRQrRLZgREJyxUISWKZ2MUDXqD27KeOxkh+ERGxjh7mPR17Jl2yJOKT+hK0PDHsihe0WFCkmU39GKgezQZs9JMcKjEKVCIfyhvL5ai5ELEjfE3zbwxsYgQ3OW8Izph8dITV7ZJJCp74LdLYc4DT4EiR0LA6REOh/0lChAom0GD0CUITOEyBOdbGVE90RtljwtiZBUjUSoSsE6AbY2ySLjw70SZIjQ4fZcNj22Y6ENlWOuU6NF0Ob0joTO2wN6VCG77DjF17HiLS6Jk0UtTFXCwYaCkYlf6JFIySEW9jqUIlSRfANTK/BHwPb4PDDZCuCM1hYeFcU9BSmmIM9xtEGbkUre/B8zUCE2y4h+kO45HQ4SIshbCyxJukxZJCnpnZsbdg7NCE/yI80MaAPqon3MT1A6JQg9SID9gUzQYER2DqtWhrnVBhMR1kaCaEq12SYRbENbw/J9IjDIJ5gQt43yiMK+bjEJkbT0eLt9ElHtkk4bSzosyJ4MeLmo8TxbGxsqG6y2TnZBpjzfoV3QJmy6LHhCzF/ZH6Qf1iS1oSHbZWd30N3gmuNImfY79/oloappXYqDYallbB9CDcS6H9iUTSyXZP0jewI0z2Y5sqwK9bRBN2ByLDI1bTZMOgnLcsSCgPovNCANmq6NP0HlIR10z9ESA6mCdLr27E5v090F0w9CcqRLbFJ6ySxltkyeODWs6sy+I1J4yNjDDEaJnJI3iOL0dkSs6RZw3ofhFCxjWy/dIvENVoJJ4oRx2CnRtiTf3HdatDGd0PqUvrRJNkmxewuVC6SSC0rQqhtmhpkuVDTlOGOJJEN1/gUbcY104lHvhP7DmvAcsoIXYVAmVZG44NyPdGNSoa1Y9d4Z0aZ4cIe0TG0cdZCprZ/ZP8AnYN1oid26E1a7iICrGoJBh8Hw0WZcW87NeLY2PIIScSSRiJIxGGrC0ttl0Y7+hmjW2MoqJPR3n2IPB13jJy6EybDzWMBUtjGX7gf1EiSXBLVIuDlGkFUdsn6sjav6Hf4YfE76EbBTssmxqPdiidRXOHtoSFQhWiXodNsJsZA9jEQFKDwSVD9IJkYhIYoXoitg/ICrf6Skak0di1QSHU5pn+ELu1Dm/4BIgmBdlCsaEpcXw0Gqw0FmRmszHrMYbG+A7XSGJcowlIgWyGLwiIDwCpvtiWQE/4DT8DrgwnoOoReA7WshOPZ0C6PchVPe8NV6SWwqW/MycWDaeqjSN7JJAz3B5DMtiURojdoNssSgelspSoFkWgpKy9D0A6LGw/ISMKMFNN6Z5C0Ke+0KW+xA9BYlSbAp6EJFkhdkB6HA0TpEw0kpSgycNjzhoxQsrDY2DcmGNjYWOpDIHjWIykkJGuKyY0qCvYn+I6Dtkivs6mI/wCjtAjKXZQkoZLS7E1K4H2pLSIT0JGjRq7hhjEMXAkUUpMgvoRC4a6Hc8iHMIc1RY+vQeQCtDLHmJij/TF09P3GhKkSvRxR1m1SB8rQ31LDR0IRs7H3AyMhJ1/CMM2JwpYmjYMXKGP3Ro9IgmjE0T6J1ToRgEPT+x7E8OWFl5XzXgXEJvfNvHqKFSxodkQOSbZoMoRLReHX0hP2FBN0MAmmygP10QkDMdj/AKZNwsaO0l4EWwouNS664AzoGhNMpR5cQsvCrbINEQJlsYKlBe+VjnAlCsdvYsFiBMJ26ZafgpfcNeAdJ6oUstiAVqygknsOUWo3Y/umO/uLR1JY9CVoRLo8+Qx5ux2kTokJEjcjBrydDeLHhvx//9oADAMAAAERAhEAABAhCcZs22ART8tx9PoitusHNyXTbgt/HlMNqTBr2iILzQmbIwqDo5WIrbARZz4bMqOiS6LtpX6A3TXEFdYWhlYQCSSCrprEdpLqvLT2WaZTatT5YSNZsPLQe8muxBtOfRUr9dsaIFSUOWeLdlN55qsiHr9t8v6oQp4Abs6SSpuMdOU4Z0JQBMOmK5byhABcKatGLKMpw/jK/lyPyIDYIjZ/DV4RQiTedlhWYqumV8brpUAhG7K/mmns5UlVqXMDviKTirNRqrWOY0DnN5CVtEpyq4Evp57WFD+kcu2mKOb/AJ2YtR8rXIR0d+EKK62h9YOSfA02aHlEo/uNaMBkRhv67vBGqDKuk49Zw52I/eErUrvQEWPSsGmOOJNI3ZLzU3KWPcJXaiw2nduLVNkEnAfzwI3+u88LjQQFRsilN3dpX1QxrrJuii86LlfCzPBfxASPdu++XhccJxuOM0ng38I9DnL6uZT06bRKUgq7hiqSe0waTEj6qJrTCUWfLrPJaQ4/LsEuoznZDneIcSpHxnqCMUqWVB0j9LNHJeKpazMq74Vjzz2/sD356K7eogMnrLh6XEt5fGjYD+WBImdpgSuMbCQKAPRDSE9AMpYyyJ/JXLtaM70gwXzxbRr72WOjtIA44BRmewwsAJlcMIzMPWmvSANiuJUOm7RP0EtdxasgPjfk7xqiL29laiqw0+FwVsf4z0bmyojeLERcwUBQF2aR5RHQXOPbHUEgOVozR5jeELrw58P/AD7R4X1WBg+2Lfse2OkIqwoWigF0KEBuvMO3gER38Y8Hhri9/NkbdF45SnkN7l+368puj4SIKFgab32Nsp3RbUGUS+qzRlPs99/fywlX+kIBx+G837ntYSEC2whtAiSY8sC46se8pfo3sU8rtior3L0upgiyuDoA764VXvvsoPooQxsnmhfxCmQ40itO6hhOTehgl/5K6XOudlqlUMe9c6MMrMfkDlnq3i7D7d2Mf3EUZcz/AJ+cjBFuVsekPXBiBQusObj/ABPrG304lRdtwmuUyN6xbunapU28UR7VBHcfbtJhcFE2wtO/EIQFjvCpwgFBn9wMTe0CFWdj1UsLcSi2nfJg5Ibjj8AJJa4FLKH82mIEr5y0ZCXSox6bT6vK1pcLGvyW2lHQg0hv3b4RBIFZppqVz5yxsodz2mq8b5lUoM7FcADB5DTOq32B5w84B7fzr0DI/wDfUZvQqyIamK9hCSrICXPWiMtnEGAy2K3NKk9OTEOyL08zYAfYddAenjRy4oNcphtMtwGJdvN2Lm+xVb5cdYqb1hYeFfQ4w0OTL6ZlQ7ksZP2Xnaz1S1mPMTatEi/PmWjAlVpqUSeoQgsYUf8AFCSF6F4wh/50Q+e5ZKGXxJJrVPa+N97BYWAaLb+uWywCIKEk3704rLoW2V833euYfjVoWr9sCmsVQg+v0vQmGOD17mFn3y1I0EezVG/xRWzEDVSZcvjtvTkLXKAyVr2yP3UvBzXMsxjleUkQ9rQ9PDEa0r2Odm8gV9FqOkHOBxMId7Ag1z2iAAwfe+PBos2qvET6G6UUitFBRj7P/wBC5j7xo+wX4ice12dJItstAVnHDSehBiuOEUB17gYOLLzsREeAYvCi023pTKdlx1fSG4p0MY8sEPjO3Lf1/JzSM697bBYObaCJXC9GTEVJJfXMCdZnnWdYLQo2gf8Az88owMZYnbUtrM8GD7ezo2DH2zDCkDgabEfrwCUNtkK5L5VhKfq6wi1menwkam909ajONQgqS/8ANouBYl1i1tQLJ8s5S0/yzuJ1tXDemcjvZuXq+59nsE5Lke4PZNu8X7a3dTSZoE/CO84KN0izqOY/L+XY0lf1Qg/Z/ZNH4D0r1iMts7X9zwZGJw492I7iw6kejtZQK83jghn81M9Bapd9fb6pTFp4LjX3kPCSssJpbeFaXEVWrYoW/tuNjHxRpChqcPOqe6KgnfWl5T05auio693AzBhTjR2TpCLefvbDp+0wlBZjPesbPChiaZMboSK+mhIJcpWyWII4B7RLSiGiwGyJjLh+QjWucoumsyS30TCBgu2XQdHjXR4qEaI1wMPkAlZcDG3TRdgxYv8A/mCRHoeXjwvY0YvcDcpqazKjVBAyJ68hDNxGng1G46yxGHTxL+X3u8qy8za+X3GKBkFz6dkt+kEBoQN9YsAnUwGHUd2ev4KLViuovllb++jMue3Zd2r4In6llpUWCaQPq5KxErbr2flG9IoCVV1wblUTwDUYw84w3TsuvLWvqTMAhGhbJWw5UpfRi+XiUNYVDc37SRpQJpCcnoi03yfdpMZ5m9wNy7QrtID3wY5cSeakaNypknMe9gWCGKAak0aIk4mUqXZgTooovE/w87IdPgzBH4sgR6C0Gi4S58XRqzdZ5Z+dxL00JK2T36eBHoBCsaO7ib/9Cdblrirawa7yOM7Ft7zFdZp7/qWrqT6qw/OQ8CFPQ31G0SyiFStwjkGMzHKa1CSkRswe8MdBIunTGvpAKtcn7gy923AuqjfuwU6fUQzk2XZB3BNDb46HPncUM4hyEBSOuPOaiiKstmTjl2graEInRua5KsmdEzAhDVCmF1Y4/Ym+u03H5b6eaaO28aNUuGANUwoSgRdxEiUaQ1gGrQMjKlLOmq0aEi30qgga8YDCjimBg5CAflLOIoyhl2aLmSsJ5wlyic641H8voCMeg0yiOK9K/wAsZygEBuYjYUDqn9Qaq8aPppoWwKQqnErikK57bxt+2k4wIWhnkGio6AUFNymZobN0jLBrGp2huf8A5INt3tzE2Oi6cQeeC78xIYD/AKvOGj5fmeUaOxZvLlO/RZnBuV67v+KpvGYXWGn4Jgk5fto28a0TRR8QB5LEHKZzvvSx/cJoYvqvJJC/rwpm51oPkScB2MF/mS5cnI9VPcvU8t4wyU5/jUJKGIIf+KCC/wBty0FJZvUacLtEZGGoTbbmmQiNxpkK6zlGCEnjFygY+0u8ms2RpBMNqv0PWaLKYOmMMb/1timzjIigw//EACIRAAMAAwEBAAMBAQEBAAAAAAABERAhMSBBMFFhcaFAkf/aAAgBAhEBPxD8SwxdYfBFw+YZxhjPo2UeYMmHm4RCjfnr0i+F4oT0LDOrDPmKXRYH4pcIaE6c832m/wAa7iHbEJiJhtDTJZbFGwx88fcIfBYX/pOhC4JDcIjYuLobKhoIT+DawxoWEMN4WbmeKNoX4lldwxY22NlCNFY0MYhavSWCC/CkTCcKX8D8GJjwN1kB0Msz/BjYywZfD0FgvL8UWGxr8LFliY2McDexMZcQmH4Q0sXY/EJ/gMT8PCR4Xti7l8FwfBinSEosCLDkcFyhluG2J4uHlk8LOq4WXi+jE9DY3cJEE4oEV4WamVoe8K3CWvL9rKVQSC9sT8J4mJFcCEEEiDwY+ELQsJiEwyDzcIeKZZfwrw9D0SuJReKXDWNqYeGIMdNDRMzMxMLDFiGvwLDEhyCCiFi5pSiCRl8PhBRUnlephEIJEvkl+A+8biiENEwyCw0LH76Osd/KiOfSGV6QmqNXhDVCOYpc0TLiayxChj7OvTyvbNtGheJlFgfYzZiEiJILSCrY9YLExbQjH4eh9jRjN+H6awxDPkaGhe0yKUbMblDNDUXRCKP6hYIqGhCxBIzr8E8sexDQu0QawsLLGP0+iaNIarSG/giuF0DENUPqQrRkKKdPQnDGp46hdO/Dy/L8U6RRBrK876JCaFbWhw4dHaWhDTkNeiFpoNGLE8VrKw2/zVlYqNwTFsTCF4rHo4HsiRkghomEQoNUsiTw2JjwX4Z6ZDbwh8H4XhXRtCQs3FGXFLcIIPCYx7SwsQ+fhhojEYjuXwYu4eGNgmOIWLvLMTpoXSglhiUWZ/0qa9P8HaELAsPmF3DFjcIWhhhDEhojG4JkxcsPENVcrQlSTx88UVmO4faQspCGNiysPbn04PsYWFLhkEN4UbGHuhq/ChDdXj55TzKJsSEMFhjFlYXQ9PGsY24MLC2KHGGsI8VP0DZJBCcRBjQasa8Ji/WGU+fhfRCcQyYSwx+FhceBsabHjGEdFoVbQkqcxijSEhcNk1oTvRqeEfc0b1+F9ENxiImGLwsJRC7o9nyCf6xJiZStcLagYTGphjY3CjIqNDyuDdyh+5h9IPQosPovCPo8Q3iUXKMITE80mG4Uc+0sQya8LKH4WHij6Lxo6F4Qn3JNwXRLqNhKYTExjexMbG8Mb2NRwY8TCKTDeUvCw+iyrD8UWjRDJvDeqfS7pJkqGsJiDhwbuGzgZ/Q18rCeH+FLZJFDXcfMxlMn6JxDHpHcIohPZZDV8bNvuHshxh4WELeG8Ifhd80IrUuLhCTNBAv68FjQ78G9OCdQsUaENFE6TMIQ5xfLC2PuT8ImFiEOV4aIIQujdwbP8HKHHvZCYn/NnFsTVmwaogvKGNmEyigv9OCD8TD8txiiU0uFNaFSvRLg9DSNJpKCKPo22UUE9Cy4sIgiY0Q9eXl6yS1DpAh5pcLwh7dQxLhKiMIMQgaLQmn8G2LqKwR2IuVmSNi+kNEFEp+QIeKhz6JTLwzShaEFTQttlIxfosvJBIhMmP0hjnYio1HM8Fh5YhSRRlmJTNwbGxk2FrTEvjKkQo6PRdGaNi1oSwsJDE0NHMpp4WnMPFRQho+vj4LwyltIYxIssbKUsMW3Rqi/TG2tH8CNxiZB7WL7RvLcOBIPFJK8bpjLjVYWoSP3RkkPZIWGNjzJRCoYtj0yNvQlA9VE3ScZuqITJSpOFL+zZwkPKVDfMtzZBmg/Qhn383LeijgtYllseW4MhWgmjmh6cH/gKvCpaQ29Daeg+Uf0WGl0T3Bs/o7bhIi4soRPQ41hxVDVDYfsWFqg1Hm5SII6ySFlj8Qluok0OmN3ZVGCJIh62JkDODipm6FhkY1sozgYdoesR0XQbDk62fBaRogPDRLwuLgWsWWPLKyIoabE0S6wv2ONiZqMvwaOKcTGT3n6CQgqhshI8Mb3sW6hWtM6L+zopkmrmeHtkkJZY8vEO2MSOkQajHfhStCexqODU3gulVXzFwxDQlB3B3D2NxEGH0a0dlmCD1i+E2LFw/Ioqfsd4N1RjUP4Nx6F00adI0JjUsEISPuWTDRUt0IWLsQJw2TK7eWqQrEFiYJh+WR0aqD1EPToteybLo+REHILRqi5GNfB2wlbli4aRDW9ifRfBqiMXYfo+4huPFV4mE/Ax7Uf0XVZpG22PTKPaIJi3oTJdDEE5pn+ILosQp9w/hbo6XQVjWzhNxDW6EpmCFgsoSw/XAiWol0mkxppj4fSbHy4X7IP9iYv7G9CexM+7N5lo0kqNfP2X4i8L4dYv7hV0JhCwyyGMvuZYpaC0tHzRV+x3oqti3hrdIMuoL9DKprCsbFQnMp8ypvQ0akY98FpTCZdDGNgIWWJSDGQW8PCyyjY9K7Bfwrfw6faJvqG6PeecH2l1hIgnsm4ITGPuhoj+D2N6mLGdWVCFh40XyeFhjHjHW9jp/0PtY/+lHJC0mx9zXiNi3scTov4JtOjQp1awYuDWhyViwv0fB6V6WoSPEDwssYxrPgtj/YujxaJ4ox3uHoaj0a+EmHB6FqDd/wVlG2LhMIVsGND8CYsUeGQdwntsSIWEz6cZxj0fCKknStlLXsag5hJMT+Mu4JDFHwGqcL+sdVLvQhbGxbIDUXpNYXhYY2I+QT1sfcXrP6adNL/AA2hEHUXC0h9jPsEzon+hNs/o2+E8L9EtF/YjjCmXKGLrHHpsauxGyjGqh/D/SEJo2tE/wDgswgil0Uw9I4yaL9PmhIUE6PeFhCQ8ZZZpcLVheXhDWH3klFjujZo5wb+D29FwyusVRNwcaE2hVbwrD6dZ1Ug1+hbwqyMJiYs8k2XCKUY1SJcwUe/48M6hveiD/h031HdjY2NJbEv2bR8OaQscWGq/MO8uhInh9Yfhjdww2OasPuWaW0c5wi+Hw7ov6H+xio2uiKSiE/oxkP6c1hCP4LluxCJ49DWGUbFhwYmyHofRl/eH3wxu8w2zRxHwt2j5Df0tZtu46dY6PYspMEdiQhZXy2dOFpMF2budGIZ/D4X4znRfpHPg9LRXTRYtiqH+1hYm4iEOjV2WISFhNIguF0Xhj6GyjZRsY0TLbNGKPzqbE38NPuNEdNjFrgkKQbEaFWHo30cIamN35ImWNEdwxiZmEmxEjZyQeLRK6P4Ovg4PkPiHGmQX8GtCFzDDVGq2h6H/Dh02Z8g+i/TpMl4Y/wbx//EAB8RAQEBAAMBAQEBAQEAAAAAAAEAERAhMSBBUTBhQP/aAAgBAREBPxD/AEI98F3eZ4HuJ+UdEfJdWx3efQ2/T/nnHl/cO7shh8BLwEXrBD79hy94J5Od4yyf8iefN6jtvOuRbC4u+HPAOX5P5PT9nL8P+byOr3DjL3e28Ess4yyyZOHjONhn2L35HneNvYTH+LyxbY74wg5A5O+MheQ/H7Pv1ln31ZZ/i8knd+8OQWcfvGRdWR3JZ8ex2z/4D/gTz6k7iBkGwfW2fD3x7ZEdDw/R/g95P28nt6sCHxucHE0EFh34Tgi/LZY4zg+nnuz5Pgnn1GoEGcbOJEmeA5GPKXkYTPDx2OT7e+MHYdNnhj4J5IhwtjLLDPOwi0PhlHhdnzgt+CPkmAWbJ5Pg+DgGS5xKeMsss5yY+M7vXCzwPGcnIz7HTNthv1vBw8+LeDmY+UvJYz0+GXu3Lfsi36weGn+b9vHC4r9swy0+Un63jLIPn2AsJ62H9+N+vWOHDyXDHGWWcZZfhHJwzZMu30f4BwSzrh+F+D2HUTybFtwuB7m94ckkQZfCcDqPVhIcE8E/SmJdw2/H5HLh5zMskCzOM9NsrUSaaLT5WfLxbNvGx8bbyTDL22J4JjghNvyUmyZA9h329RN+Q7gO2ROoVbA5OfkfAvfscvJecNtJbtkuGJYmO5QvL1LvuF8kpZHWFPvB1bCjxE1I5FkcbzvzvG8atZW2+5OB05YmLvMm9R1PM23nbeGOpZaHwPYOM+N4zh+MbWytukZl8ExPgxmeM4OcizkZRxk9X795y28nbOZYnUzHsW8ExGE8GY4HgybeCbewzwtORY7LxvDwP28HZJ4meBMxwLpweAnhYtIsJeXgjI55ym3TqJ4yfec+uxyNeCJeCY4vy94iT5OEss4IkfLL4JrOJs5yz62bl6mGV4Il4OXhHZFvpI5M8ZDzYL8j9Lb2slLER7dUafhLxy37zvxvV1PqfY7imXks64yJ4PSPIlHTZkmG2Qkj7P8AVnBxq2hIPy9k8JHv2cLqfYaOWJ5J4PbxwNvMckksiOpceQjtsDuf5uqOXqX4z5PjxPsNHC8BPyI63hxsOwn2T7zgG8Ht0I74Zlnh+jjePHGkzJwecnCTya2fJ9Lpew8nDF5BrE6xex0gzhZck4zgN+H58T7Hr/gEuQ1hhwnd7YtoXjZC8ZDx5ex1LvglYZyk+7LwcHw85wsf1GtJEcZj2eeosWxs4yzh7smHnbeHt5Le4j4ZOA4eo4z4O+U4TyTpPAdyciYpn8hjq994zOdiybJMtt423/EzpHfC4Lbec5G3uzr8bPckI9gJrQdXckZs05TYftstnznced+c2UW3/fry3ks7h6+A/sYe3g6SvsXaBHbsiS/yx2z+Sc+J6534CPX+HjIu5BNJjnI+mdzDDBPUFhMZsNhPq20BlDZHgZj1s2fWzEH02QGIWx8HyXZyPUbZiHrg3eci6Gx75HA6n2bEdulvDbbyDPtvIOWPLyceW93u28gw5jeMssg7siQc7hqAuzD8kDZ8lXSOz18l2fOJ8Hs4DMPyHwm2dwspkWk2cZZxkFpC1u3XBqXWcGsbe448HwO4djnd7fHru3xsGHJ9y05zjOX22R0tJbOAg5/ZfhJNnEPqVXDxbdXVl05U4C6Jlz4HGSy94To3h/vL8oiz5Du7TgW85HIl4PtOEU7jyP0s5vy/O7XsS6R/LpxgwEO73qAXvHt69W/jHvd51bts23JE+44YPlHo4ngjkn0shkEdt2bCULHdYNY91tL1KO7qrtzldW164GWOR1sHct4jt3PTLQOFPfhlnGJspZ4PgbuJkOdy2DS72O3B2dSh0cYN3x7DOuRTyBFzi/aWnOCdXb5wCZOnbMcsuJP8mLb2yWOnA8nG8HQWEZLeJ0Q37dS0kfeHvhnh8epn3Lt1WZwQSXuDqV+GeFjDacnl1PJd/wCGu7zH+zvy/izPZ7erDJ/L2z4yiMbG5D0kenknB7PZdIVcuoJ4/kWIZDW7JvKYlPTnLLJ7LwfJYCz2f5ZBEtM8JEJ3Y9l1IW6su4+jLlyT1dl/Ly9L9CyH8t6j8Eli6w5Gw4HjbZ2/Jwdxwlvdn7ZZKNezmb8izkHc9bpqP6jJVjwTwZ3blpkmsoh6hvDbrwlngy9T0iGzhfZxYy6Q7CZxhsowj3dSwhQ9bCnd6yZNHLp7b9ODrjASBsZb+E6tiIBK8ng8bDKw4OMl+jglt6zuAiDrYf2zYUZMNkba0vUmMsvVh3MhMui469lyCxBt3qFUuxDtxNAnkjqUtItttjh5HgO5dDdyNGDbRg77v3SCsw6ssxClo9x3M3PZAWTSRwhIFp3ZOoyz3G2hC8xo42ZjgS7yLY4znY4OMydLKyY9W2sHVrs3e47esaWY5epVkXvibdtgdXYnTJa2WHkM7m231MDCFeHg7ieR35N1Bw2WREG3cW9277Zku7GWaSCXUOtkqR9hjd1k2T8hjIPS1eSeKbOOrBltnUMDYeLVS93shPJwMtJjfh5J+otSTuxMO4htlix2wXUELtDYXxdL3fpIxC6LSm7dwhb3D9IOt4TCDe2TY65wJ8MS7j5eCHH6LrO7LTZO3j02OrtMLxb3t+DAMnSOu707twyNeQ77kHVlD3bB11bkZclFX4XUecWkJJ5J9/ZEMXrZdEvy3CWEOWHBL1klS1g2y3IH7OmzrufIYQaz2g60tJGHLduzdV5nvg4t3uywkk5L18L8Gx2MwCelhIfZ69Q0jekWdz2zkG8nt6R/UneF/wAt/tsQs6N0ux3I7toSj5Orb+XUk4PUkk8+o4fgLoREoepNvOXt0nu6d2a2AhpGzYz3aHlv62wdwyTSOm7WtvHJOQxFZEy22fJSz8D4yI2Q2CEOnCa8NyJZwYW9Zb+WZd5HZK5Aezq2R2zx528jJBe7rKwnaCXZLN44M2xy3PgbBBHC6tQ2DuUCziXITNhVic/J3Mh13dbablj3e+X7O/sOtrfvfo3TizXuN/LsbDl3nrz4ll5I/BZHOdtnb9cH+xMhb2TbAMukEdS7yw/Le4d92pY9L+pOk9Yt/LbtIbkpPfcRguXvuHOpd28eODycQs4DgD587bG8fnD/AMt2P7GPbdkpGUj22Vh3aLRLsAdZ+D3ZeXaWXrIkOGy73Z8ZZdSfgXZ42ODz4JH5JTuOEr+w/wAv2/Ify38juGTaTpeJY2LLVZNLPy0mFndCK9j4LrOmGdyxkdLv1Z8HjII6hz//xAAnEAEAAgICAwADAAIDAQEAAAABABEhMUFREGFxgZGhscHR4fAg8f/aAAgBAAABPxDJN4leF7mWowSoPELI4j7lXExK7lX+ImItniCQomBK/cGHGJzmpncUZdp7SsisIrycRLZpOKn9Q+sS1cRPEwIS3qG/abRlVcGAMwU+Lh4xFxlzUfCpIdotRwQvmGalZoiaww60S6MSq1+4atiGtCVObY5ScbS4azEbg1NszsqZsjgnTxAuOzwDvc2f4iU4/cOj9ypz6nyOczkRA8WJxrmBu7hrDMeVNY4mGCWfmOrg9x6mGpmxIYh6lIvxFz4+RzNmZqXHDK1Ao9TXgshuHWeId+ocEhjTwWseTHayykwVjcu5xDZTKgHgsG3MPG2x8iqkweGI2Y427gzj9SnPdpKzHxXqGGBqVUYNVmfmiGWfu4StxmQ+sQ1zxP8AEPHuCYIX9QPAX4lCG5v7Ne7hhcR96hqDBtyRQR2WkK6/c0rmOdfyPtZomVdTjNw9z7rqXiVe49RUZlLxGQWY5l3iB4fUy++F5zCcQIJVRJXhceEhxiNqOa5huGDwl6VmVpmVpdCPJARm1UfULfDUM7hWqgoRHvwzcQMTh4qVmoK+zJExkuZsRR2KKZlquI5zH1Mx4wmSaamA1K5mM8e4Y24jvE6j4UL1H7DFhzBoDm4VYYqaRq5dvcI4jq+oXpv3P7CVcwu4mMCww9dQPHM05PzLwy721MGCbl7mXybcfqXneYsVsWrhLU/UrFVytXKxA+xPB9xSpkeJKsiSomZxAYkZiPUBdk2RPUqO7gk4YAxgcTYiFGZ4cD45m5tUxxOLhAJc09xO7qKWGcFzUm/uMYXcp2jcY4s51M66cQqWsiIRmoLs5giZ/mb1OZX6nGWadxQdXGqgAP6i0HWo+ESDdL9ZYDNcxyhMA9wZ/Yeu+Iaqfiby7nGZqtvzxUNzTjUSJbZnMMnMW/xN/mDnGZ+PDPJ4g/jqVy+o7+0Yl/YXLjqLHcSJXyCCAyseGX4qOKxcVNSreoc4hqPgZxHcfEFZ+dMWEaYfqUEVYl2agUoHMHKeTg3HgYuUv/cdMVxHOIJeYS4Cxk3Lnfh7oFuUPylSXIVKSc78D90xA7lLNTUqn/cHbcY+VKvL+5j8REv7lyMlxaYMvj7DkQSxmBymBUvP2Z4Zud8Q/wBy/wAz+IfybxK+iVnHczz4/wBziuPNh/1CG6m2DFP6jpPUNrO/IL1AzkiTDcUe4MTOmHEpxKlx8AmvC+CIN8sufZviGyWfCEoDmYcCVAPsALSKyGqsU/S52l1/xBqrIaGdcT/CNsrANz2S/wCIxhZuYpnMcpaYTsl7bDLCzjxkSO9zRrUMTbN+DEO+IT8k5qJ2otxZVgjQa4mkd/EHOBTOYFP2Vep9hR4CimazMmJ136hjfE5lW9EdS6zdncuX6zO4EfULq+ItuJl8lRZy63HsnMCf5mjBKncTviVIHXgnJm5XvwmYx0xDwxNYZmyC3wL+UX5Udud/ILymUZwEvjMShIEGeyAEam/xGm/cvUt9y+4suXExBqb34dTnET2jdxF68Bau+Zib6gZmr7lYn9Z9lHcogdSvs/ObmRXUosdLGvv7MiPMxnGpWGXetznO4/d+Ndz8wxLv/mGIbzCVTGvzAupWcTbF3LzOHMMs4dkeX2d0q+cINkfKtdzaHqYO52PAaM7g3Eid/wD1t4ZxdYhBn7ElyPUqjnqDMtKx+YcHEbLePCG84FfIwqiKLe4/2fYecRlxfC5eZZipqZPBfcsPUGBLbr+xzU4xBx/uGfxPdS+5osg2Zx6ih9zFgMxXULC7mBXcYJL7nPtmRzcC3evFc+OepdsriJcwG4GfGbnMMN7mnUc63PcNYjvFmdIkVSg7TEuX4q4/lAzHOJVT5P6hFx5vuCRxdxOYbLg9THHg/wAxn1DamghzXuWGu4Eg/Ug9EYsZPArFtjrxvwOJZxFTF8y7jVQLlSxqfEZykodZiqaYu4SWphUBzNFFvh3Uo/ExXM25gzYnEFZg6xzKnNnUJh5IrF9w2B7plUV1E4/sWimbgVdStSqi8SwxUAoiwI2e4Nb3C/xGKvwSqYwZUfslzWBcsuNcGoMzU4leoscyqYscnuHuCsz/ADKxPvlK14Zp4DTUqzHhIlzAwSW9vEjT7K0cXM1OoBHm5TRlNxuUd+/CzaMW4haUKYtwLluI8Jb4R1IcBUC2CVapmU5nuUoQlQ/zHYTM/wDXAxCckZfErE1uWYWBLuZJWj3/ACaAhgOWV6S/kS83G5XuEvuD+o+tTMq88w166jMdNzC8/JtONxxiHrU/1NyqmCnGIRmiJ2XG/A4ucRCKbeCeX+fDL+eNziOZct2RLCpphqEfUZzlzyogp9XFyLMoIWPU/K5vzGWLGUuOE49+As6UI6eOA7gwcXzNkGPtJnlnTglvdyz7Mn+iIYhKf4mKn8yieJTZuXn3PbAuWMDExn+StTYNRLisT9yHgb5lDp3fuLB3cppHeZXUvMQhEX3C+NTU4NZmJVkrtg755mrmtz5CJ1Lrlm4ObdR0oEtjeBie9Qrmp1GE9RwYg2ZjqPs8FYHMw8XiOfF58JcTiXFvUpw3CM0gXEr7OIbgIaxCj9xb14S3+Sqvvwty4sXi5eJRqAkDqZb+QpkluDmVN3uYe0BxDYpTohGthnRLir3PZHZTriNSo01PUcEPkoo7ZzCvzEziXUXHEqLl0lwJjWYg5p4lV2XU6RCbeGGcw74hWd+DXudzRifpOS5VQfCnSbOpRjG5V8zqEvMrqUHMdTo6ufajdlRLf+pYblJ6TcBnEM1CBXgTcfnjmEWMdjAuh4ugzcY6xGEzaqKlxBTqDDuHlW6lz9xZWYuIqymXxhnzBuIzsmaHtRCLjmbLEWqZrNwT8gGAiXmGJ9iTIy3EcDxM2v5FN4/xAbscSlx9SqbmtxKrZzueAjlQwy3JEV0Ywp1HeHcDWM1mUm83KrnEtcck33K9d8zgqBPk9z7iV1zDJuVu4RwZYSu5/ZYQl7ixFl4cVDUVaEdbjAjjU0VmL6gRJVZJeJlGfUPcC+ZSHhlfmbnNeFxFB5y0aT7E8UpnQsTuN8IpFZbLKriO1c3P0mtxph0RnRKC5ZaOYVwjR0LOYRRT/YovCXRcFuBTEtSAIW3AtSn5KEH8M4XUrgIad8R675nDdUqRqaDuWy2mDJf7h2lMsGXEszfMAL3BuenmOoHEvTcDdE/RDNoWlKe+Y4t3xP1Li93OK8GMdzmC8M1n8V4Br8zf2b3BnF69Rp+x/UNGYtXPSV3AzKuEZDJLxncOprqVGJcrcUFzjxzHE5ldxxNJrXg2v/4O4wsmcQUMEd41MVGOisW7zFE3LuC2Ba1BONQfTBeSNoJE0Yl3L33K2NRowNZiVrXUWJmLDMzMNCUmCF3WSC0sSnGRmYbI+zMYbZes4ndudPXMCwq5wDHJP+ZGimZvhFVqBhmG5YcWMOGN/JKjQjqVj3MjiaNSsQu2O+Znj8QVtmCYFzK5WMXevxOeyYjndVMVWpgDw7o/UahNbn7lJcTEu1OZtmVZqaPBmmBK5IeD/iJjxUNePJlTyzyrEyfuZVmFZmlZlnFT9isuMvcyqxNbeIK4YijnMwCUytTMqwlQbGrJLxjM2ainAZZYUlYhrMxCW8UOYE4leMiE3g9TM+T9JcYKiF9kZYkzxH5j/PMKAMBLqyLaqVGBlgpP6hrLAz1DSEZauJzqpR2gCkSvDOIQczcrUMS+H8TO5V+px6nEbrJOGZ3DMdfMRUMmf3DUUvSJlUYSvOScXCfII6qURC8ypWJhiJOcnis35FkxuC41vNh44xPxGWKWwTJzK8SxubHMyfU1iO5V1s7if/AxF66lu4m8ozFZgmdkqsQEyEpGDEJcGYLBL8C4wVHc1iYZM3KyDTBLURPitzD+SOWGEZaGhhpiXgxBjBhgGL3LSzM8vUGjlI4MaDmVSuXJ9RrOczb71GwgNOE/6kRJ+Twlxwb8cqgVBKzcTw2JX/7Chxcb/wCpxudS6fsz/wBZqcZzGXX/AOR1A0yrLmpceBrcXrwzLm4JgizfHiq8Ph+kWWF+8cDiEcx3BkR+G68DtOIv3OZRghC9EZW6NEuZcqCSiC3tNNR7glBhGdUiV1FiEFtUNwFSzTJFMiTACzib8q7iPUZeoCM1HMppqBlC5aZWD+IltDMag/MK1SrAR9Nyt6jtNoHdS8E1ojw7sgXbfucalWXLA9SiixDliWWLlmb9R1iHuVUvPM4TSVeeZVz8z5qHTNuJ9nGZ/wCuO3Uecwe5xG+E/cQOowpwwUBzH1GEXqB+o9CBRArx9m5XhjcOGow3NGpS6TAlzetz6mtk3SgI/ZdaOcy1iZgo9xVzLtdOIrxiAhjMzEEKTMaDRiXYSbAV6leglZ1G7nM4Q1G/4gJkphOEGEaJnmUYNDFFEpIIivJFMrzMrOLlCHuBVu5Rre6lfh5jV6RF3qLAPz4aCXdTM5zMSj1BpzEacQ3/AJBWWPEF7lVjU3HmBHeYjn/Hgbgd7i9IFy61B8H9mniBcpriL6ljMvtHF344o3D5D8/MTkDqHncbisjiXDeJdfINm4nmseMXmVE5jc0mUF+/jVBzD1NZJmOoMLHAgubczmWLyQxiMpMEHeYqbQjdainEphB3hGPEXTCXnRCrUtdyoKXLF3KWhiV2YrWoeIQq59SGyjWfxCzGZZr9R0LiCTMzZlBhxGyPE0P8wT2xkjfWjUdsDW6ixAJeI+BiZGVEhPFQ7mUBuMpHMcN1TKuGC/Ck0Uqbq9zj/UL048MchlIsmaodTVUcxMwPxHogVB449xA9+X14zKjFiKmGxSJWjKsKn3wTnMsM4nxXXi6zLOILhEFHO4xD+xFiKuZbNNEtJ6iEvcFAJnwVIkMQmsfwlxmUYrEBEagOc8RFpqYDJKrMSurgpvUFGHGYeRnqY3xFz6h7cSgEjtd3Fauam9TRGlinITKUJ9jwnyOGYae3MJx3OoszJ+JxNQm0rHfqOL7gSvc2vfyVL/UZXHEFKupZvw3o3LsgUcMwxUS+IxZpzAQZxFD3DMYZJVzUdQ8CfJguLKZigfFcZgu+oZBI8RwZ3DMGGU2XUyZiFqXJ6lRUWSbDCLTiUNVuDkkxFE4mU0eC2dJAbZR1AIx8edtGx34KjUApgW4rPUWkGG+JdlMoZlKTRxGFOGVWTGcSndvUspFRbDj+Jk1mK6LHuLmVOYVajOJRATC46ZIwA2MuUS46JXuF9xN/7hqdzZ1ExN/Zv/iUVqXdx3MKpTqHuGe68NPFgirCPSMYjxKuBUqal3L6lypqYNRiSxKiAwmtQ3qZCMSHUoUr6RLSzbG3SVWnJKCOItallVmX5ZWKmnw5PAa1AshaBT3DExMoXnep6omdZKbdQiS4C5galUT0/wASqW5lbFxbMbJa9sGrmo47OZarMJzh6mDtBqOMywqAYRqOTO+WrE0DcRVoqzxHg9wvE9JxmVAwSvxBmtwU3Bm9k43OWNcR1RK/Ey4omL5jipWSBRCVxU1ioQYj/wCYPuMi8LKw6g4zL8NRqsRlQmGVmVUfUXsh4RHeJjxM7H5gwMS2awwlxOelks9kFuSICohbhBC3eZs+LOQirnGFxr5l/wAgAgX6qV1Kn48BRAg+SjmUXyQ0svGtQWiGuykgsc6iLOZyIV3pjxMR6OZUyykGEFONs2MwUW7ZvZgoVzcFK/FgY46mFpcvJQj8zOj+pubN+NEcyzUcZZYn2fdwpU3Nz/8AJozsuZz6mGEckFJ/JTTEXXHuXFqFpWUhGpVLhiZErwFk17jDNc+Fzjw3GWxfSGvtggzS4cL8DnxSyUcUdrN8zEVHcG3RKA7ZchxNVwAngMQWYgxFAzMMBUolECSxmsjHMdRw3DWJcnEt7lZlXqZKYC2+ZU5oYLPZLEviA6LiVpwS9faUIaKnNvmVVWCGiuIKe5gZhNqwsQmy5lmUHM4h3Nysf7nVbn+Y5YnujqOKuVL1OJ/iPqc+pXrwt3O1z3zLzr9y/dT6iSjuAblE2iCI5IU6iXArUSpdQfU9yhmOZZEIuYMQMUjnKV/c1JUM0mPMvg4mczZUUMsQfW4ViUYg1CHO4LPBy/yjDxC31B/cUYBMBCu/FEpNOoPJZI36iwoZOI0jglzA0YDYNRECbJU7qWG5WE7hbPcbT/E0CIXMO24q1Rba4JhTiLPMojHaMZhkPqCaZfA7hG+YZvgnE2Y4ldxYGfnjNSse5Uegi9/yG98QzxL6JViieJklqw0MJzAeJNe4kG9eLSt3DM3KxKjH+Es5J2TPCGosu7miDW4u42iXTzEyPxK1itajvNmTiZUbjolRCpbLI6orynUGYPUzqBMwYthURIQgHxWZwCpoXEo2vUcKgQGfMKNzuO8mYJS8Sly7PqMIwMOIrEY7qxAgW1KwIWCZOYNQS4QUlseoHLFww7Q+y4L4o4m+anMr9R3P/EMS4sIkwhjmVRPa/wBQ3z7le4FSn2VEI2yEOk2cTuh78E8LM+GXiB6TA3iGbRV+80TcMOdxRj/PAszEDGLl3e5guUog0lwYgoQ3BUUXcygbhl3AL1KMSph8CEo1LqZwlyi7qKD7j3fMuyWPg9UM1WYJKmBUtVM3idEzhaRhsY5BLnTLwWIsqK4gDtmuSZLmo0lYdTesRYp1+Z0Y4H14cWkpOcTT6ldTE/KHeY+pzx1MmnUutzGJh5YqM7S0TfjbjE44gXxBDWJHKXKHEMyqfFeKqJipWEYDURhL7Zl4jmDMck7Xgm6bxtcz8iXZ63HRZCBBgUWwqpS+o7YJxhxCBziBSXsAvAsobgOUJeYzJSi6Rw3zECCAUagyGK2JVbcyAJgjFeSOYNMeY6sS09yy6nsqXnNxUSFu6nNH5Gr/AFwQb/U2y/zEPd1CtwE5ldeNktzL7l7/AMzfgYvOo1KxK1zFlxOMwZmt/wCJf7n5/cuJ4PUr7NKzE/E0Lm8Qo9dTHcW9ShlVE03uHuKiVqI8RIqjxPeazrlKJ/4R9EO8TUlF/wBjtdRIxDuY19St1UrDFtitgDLOUGP4UqBBBtY6sIoMkQTNh8R+/FYE3My0xGE0Nn7mNvXuZFowLLlABKMcxOo3iHZolQmS5nK5qyX4yjhcxQE1PREBkxPTmIubIcepkUA+QWpQQF3A6mic6g9wRjrEO7l1K/8AEvvHlV7nM2R09RZdRcXUTM+iRx78LpWSB51HtGkYETguUAdRph15nuIq14buKouY8TF3Mp1hsO5ohqOpSmGHtOWZuxdwXA5JmT3zABFUWAbinarxOQIK2fKoK1CuYdrJDhJYBPzKxbAnfjdIm5QYjEtjtFst1q6lAoYYwD5CVWpUlHmpaHqXz7meJzE5YmzDWY51Hx0kfFR2Hc21C1vvcz+kDFQ1mH8idQuqDMvXHitSoaGL7DPqe3Mzz4x+J9n2JljiOmLOaIbYw6RixUKxLFitRdRabqWa93iFy9SqIpXUJUoSW5ljUdRFrlLgawKVBBwnMZioL/RCGzNwBzLkmBMkO4VNzEBbLXrG8j8wpgTpv1KmGdJXkhtnE0LiKVTGtQCK9QsWG4xnUI6JQaymQagstxNgmDEPzFOCNTcAtENhMXwNC6zBiPgYjyJHizeZmEyyiHfeY7+sIH8hn5MBhep/JxzHZGDcvhv9+DJLxqcRx7hcymvF3/xNmczOLq7lX9joHETHuWxpxDO9zrERh/MRqbjuE/HMVNevIS+4tkXuJNag5bmNJYI6wisSridQZ/Iasm4ZeZm1y1zqWUxK2tTEIX34HomElj6l+gfsCZEQpEsLNRuuGQ+5Sy4x42bNZRuKGnxMggtFzWNrFrPDAlinDKsvtLyg9kZssbJaQ1rwOLcZz5X4THLwxWe2WOpn6IV+sBdwKh7j6lu4e8zr5BuY/MNYnyGM+Nc+b7l+mX+Yt63HT4hax2xeZ3cdTMpwfmBCqmIk01URoxniaPXEymkonRnOI6lMOPczzNWG1xBQ5jxA85p7lcTRHn8iS5kscM4CAB5h3WKlxZeDX5hhMm7iotxOYtlkCe5ToqtB3D5G6AkGsHCTA5OpdHgYv3nY+Ma3LrhzStEiKZA8xwoSSxD4cR8CxwjTVttRoA+whE9pb7Ixj0yxrDEFUEdxDL4eYEcyqiSsfcA1CXDo6iv6QKMS4f45ibephmmYdkHd4jsYRXmEG4Mfc4xKmPy+LO5tt8aR+ai7uDi5vTOBg9w/SI5iHg7+4f1wGMwZ7IJPzMEaiQdpRjljRnE1nRNMqqZzN0QNZ3KPpBlMUYAH9mYPMcIEunwTNmNjaIPM9zJlqUhelUAssYOzm2W7Xj1Aewcxkqn0y2w9MQkbBHxVxwcy6e4OBlFgE7rP7ijH+MoBPc0tmLgIemZ1JU1SHgAAwxfF9pbkiZl5haZSrlTaUMqhB3DjIP7ppXEz/Zcckf1nwrF7lXlxBnMY7h3zMbnM+w+4m56J9jm4tZReZtE/CLcr8TJ1KXLOCWjuZZ3E+UCUdy1aVBd7l3H1BpmqG4ucxdQYz4V4ZpcUKzPrEsGILXyXH13NmZM1UrOamDzAhwnGZQybMyfU31+JXETuMVS0QFQe4MmDgg6yPbDOaMvURbYdRLxDiVSCo4NJUYqUOSIdQN6lrxUhpjJkhsrJFIoUWEhhm8y2YTc5ldL8mRMsFHscTE/YGjia4n8n8TXcJb+J1/nwt3Fi8Y3CY4h3MVROCX1BuO4sDmXLbJiMN59R9CDzEHquD0ZjlUQqa+TIVAqA3K7oGIwQuZhis9k7yyeo8QwzEzB4b2QDDc3R0zceXMWZeYpySAHuDV5iaCKso5ggtpRyIEMMQeqxDqgDm4+mo0wQpqW5uNOJYv8AiH9wYzCsLWJVvM+P1H0hXAVLsE7go3zL7hBMr5MjAkSvF1KXmXMZJbczyXA6cyr/ACUTyVg6jBu6YNzbwdQeNkMmotxtjnO4N7iw14ud34TOZdRzuOk3OPb4c4ZbXqOFHLPbcMhOef4Jsx2kQVj/AC5j8IOP/hMvUvqCyB4nbAyuHeWubGYQoPkTMFjN0aqDMqkgvsTR9mEPygqzBIqMqBiY7lE9SNsyTLcFOIMSmxBR4LteMlx1cqmSUZSNI0mAygDZEHKswGYEvpCMo7aipUcSgDCGyDDwMwUmzU/E/wBIZg8Uw7/xMfqPCSrCsxCEDcXVeFt+FxMAYHMcZ0Shl5jE6gG0rfUe7jGkpYx1BuiD9UG4+5j4vRKluILiDsiUsLSJKCyVzKBCG5Vw3D3GKiO2C6SpnO5SggyakdwL2RRVG/cs1Bu8RIXcDxDDwYpkpZVxFQbSC0pq4iMwvqdY04/MekC2UwDBDZUFwaYjemoa0U8kSJD3ApxL7jrJKm3M/eajfz3G/DCV2y+Xxy1F4gxbmuMRZxHe8MHiLmYeoJ1MeD3Gpk+pfFy4aldzjEvwLrGHIiX1FRmG6+4K+ECM3qDEfGoKTKsyzFuY1HkJZJkgxnUBUOGMWiLOG+GDwK2VLCpdRaIqCPBCHcrzLlLFmUwtKjfgA7Jh6RyS+dMIxDmGItYM71wgg9ShqYTt4cpfqAqL0Eou4jcTqYMByMvdRrKcShFhUbNKYKfkz3ClpcQzjwN4xExG/wDuXidEY7yuuZfPE/zub3LCfZuZDH7mV1VHEd90+xv1PWo2YfxF6h/5cRomRpEDRxLMm5/1Yo/8xZUOPyGvDNjQmEZWxw/JXHZcwTcCuax4jxLMS/Df8lqsdhMIUuOOYqouWAEeIQ0IYHgIPbNQRao2zkbuG3MtSIkpQDcF1EPH4lMl3CBmvMP91Kmp7QQYczXEVS3sjAW8RMTcybgUJpPCRmLZI7rol9JpxMxDLv8APM3vib9SkCcS65l2XFv5KWhmcSrzP/XKxdE+y6Y67mKuPPuGJmfiJ3qaJXUVKae4vKBQv+RQNS5mLcuUa4tDC0WEPTFKtgym0EYINUxE8ni4Q1c1xqU1BT1MbihtQVu7Zv8AsNT7DUMww1iVHhV0QzWZQ5hGyV4JshunEYCiYDDagprJY4l24P1ULEoYkHDXmAYtx5Zox7YrWbczu2YY+iCkNRdsMz9yr9S5ndpYCXcNIVrdEJ4BxDNQ/E9xZB/EcZlmRLMcQozdQYsizuNfkDMqta7hjEJ/qBzHSHq3Mu43L/k3eIoTSv5BrghFUY6qhkV5gt2wu7leYMIouiaeGNmG2ciJxDTWI1iB3leoo+oMTDcbF9EXqatwrjkgt/ZibiZi9eD4n5lozNMTMzGEX/7FFUay6kCsyihZEJncLkOGIFMcIyRGFkqVmWCfZipQ2RVHxmazJHYzV1Nt3HTiar5jok1ELoiLyYjdnUoYuzUbCprLFKF8OYSNGrju38m64h6ixNmYXWMQc51xGr3USC3xicswWb6l8T5Kof8Afgq6/wAeHImyZGs+F5vj3LphdPub3F1cv5KG1nmVxZUJQ5ggpUz2qVrm5pOPEYgxUFcTThg2RU43MKdR2jdYnHucTFuX0i0ixmKyAkZZ3C58Ry4gYshWrNGmWn8R2MxUzfcWPFhL5tamtZlHSXlYjbeYWQHDHWeiJUvgh+oOohJRqCIe/grJZc5y7AMIsUwwzsQPLWb/ADFy7gNsRzmINmpbA7gsFEwF8QBthEMK4/kQWUHyXLEYlC3BVIrcamQViDw34xMXloiTsmtMYOF7zAsjrM4lY3KlHMbSDkVPflp0IWsEsiHC5xEgmVzY6jEzhRKuZ1MjD3MRS7MWXNJcZdtEf7IsS5go/YZQYJwGye5hCQ/AUntqCWDuMHwGELS2UE0+Rivi65j7T6wHMQSya7i4imUxI6c65lzgWGlB0h4iXYzgc1ZHbZUyF6lA5JQyri6JTAzmDY2SkA3EK9mCaah0Ke5xUf8AEp+5raLN66hRahk3D54cR9TOcTRe7lKmKuK5a83LvxVZuZyEzypMEgA3uoy0RzDv4s9IMI6gjAuWUlPUy3MBm+bmBQrqXLlHE5x1SOSHEtcMIr1AH7mtRotqJSNwUFTgLzEwhEwlGURYl0fYtwswPcywYM9owZhxMppUYtyjm4AsZS9yrlYNDaqCg4bggsqHctXRBkS8NIxDLLTh1LGr0NTVcBuySlxuYN+yw51GuYOCYgbs5hQCMRcmIBzAuLn7zDJvMzN+4KjSG6lBcWjH8hLOJRmODuOo/wDhBg2r3D+R/wARKERqal6VGa+pUW4r0gUkW4bK7hoPFR1NJdHSUNSolq5x4dTjc0ahTKGos04mCK7upVuhoWVEdRM4qXpj1G2i3mVmLoevUaVbuKBGOIXJTAxiBCHcO4AZYDbFuKSooywWtX0ShZnqFAV9y4aReQ3t9k3nKBpe4kLiqK4etxbqVI7l3MCypmpjaOJV9JXF5gIJiYsZIIwP6zHiVW8zKT3eFcXFlle44GINbnD/AIge4VU/Xirf9zbcViGGUfO4US/Db/qWo1UpmTC/pDC9xRGC3czZkgNvcFQ5leAhi3MeUr5+AcTefCTlGTiDNx0fYLs3Uq6rYJVR11LA9wo0wUqJtpPZLSsceaz7hvnVnkvEtq47IS5me5fkINMRIMv1rPxMdRVmaB/MrAg0WSYCtITLn3Frq/E2cVHNqzMOy9QK1mW8TjRlEeWc5msqFlyXUb8IP/ZkRSyYnzLFouQMsN/iWyGeIKamy3cWZ3CVUawrPEIW9wQmBlUQriOy8dRXjzNOvGjN+phxAlMMtcx/vwGo8Qe43CVUyaJRXUq/GLuW47jYgTEMq/8AidzTxLQzZUtc8xwTicagwdTDcykVziLOJlAKepg3csZYEtMVZRoW8SlCtldXEJWFc6mLEfExR1plJqIkK1zahDkqqGmz7hFK11Kgmfstekpcce5QgnubGfzF4MsEIxKwEw8CqK/FJJiQYW9sz5C0OmCyAoOLmS83ArX6mZqoLgIeZySsiWqAUdTMVzKl7m46Ir1/Ye7l34LeXvUeagx9w4zx441KrXjWZ6ILRcxWJVEqyaxucZmpmmWs4EZs5mVgS63M/iWwMsYEVBRiMvxouKGUxzQhBcwyTc/xOe44naL8oL8LxTK5tVCar3LdYyaT6JjbiNIR5lzTjFMQnlYzJGQ1LIrJ75SziQ1MrmUJLlHMEhNQkYI1OC9QVcDcr2wwtVTEVC5SxIGJUhuIItm2/coGVJuZUMRkhHKprcau5d5ZYLf9R01qZXUtqooFZBqV1hGgxTRkhBWsQAyS4NjCknSZmcaovCS8VKQxKuH6lU9yueZ6RaVDVLZNfJuBJwTEuEYqYzlzcsxF/GWGoauhgS/eJiCyHE9I6UutDQR8fPGRDlLSqjzKsK88QlGrlEskuXULnEKfuEYgq8w8YNscDhYRNwcsr9JfCDuLPi5MTgcxY3iTdwJjEpaKAdEKRaHUzKXAxiYkA34KyZd+LCXK5aK3mKAivBCFRy4jAqHLUfMdDEZJwdxGItBxLl7ElrDRI6ExzKOVbe5+blWdRl0Y34BX/MZvDgn9hjqKVD+S2fjws8sa/hMtQcD+YRqvzPSL6i13KrRDDSyDSYgXmjhKDU0h4CVFlF3UZamuYbls3uVUZeZfMWruKiDKpQN0kuxWdxETdsWnLni+Ll4h9MV1HCI5WNQmJeDZINFcxbpJplse0HMbsDDqSvUJuNquASmFIJEjiLHmC0blcHfdxFEytih7+tQ4aHEAn5MkqPSzASWJytRXaG4zcNuZBvWyd6ZSruOaG4HaBdxUfUv0kKaRYXXMbXmVCp+JXrLKohqoiIE2biZj8qPKssFMM2rOMwbiqpjiNrhJjCLxb0uXT7ialwHcw7pcvMwz58GYsTiV3/8ADL9SqTC+Wf5ktGE2cy2D+JQMWVinMTwP3Be5cICGNuYcFvfiJuV4hmMPrLJKXPhhBZcNRZlUWYlnLKrlEGe2FVXlYQGA4hVWyWJouIuYMU1ZL5iuUqZyxMG+ETPlAQ6YhBtO4OjPqZfJT+xdQKTwLEyMw4nOSOZfMSVWZo79zVrEcqXn/cHJExRPsobmJVzDOPnDepZH8yguDE1EzDBmDEIoK5nNua1AlVPmo+pxNQ7lC5MQSgxNbqIjPfMRshqbSuYb+zmCm7VDANGUgAWHCWhlYZVLin4rcI6PHWYjTAjuCiLWZwzpjhUykqWXyKIA9xS1Hff3GxmcZh3fiN3ojSW2pjjUFojv1DFMHsl0LjUCglzFdEqLlrDSwEvNzGXcG6XAyhqcbhfOBQrFnJmF3c+y6fU9XLojXWsw0pz+zuo1ZxL4m2ZYXzLqWmrgYCKKov6jV9Riia/kBqXnMC5VHc4kd14A/wDhjiO9zIYlYTIz1DFQwfe42BxMy+Bv7CYLcXY0uC0uz2Stg3TMasS2CY6EzH2E1qUA5JWuKEy+pYYzEJF7glzpPeAaMJPSXn1FQSq4tMrWyu4qpBTY7fOZe4DGGPRHg1iDaZvcV44Jf+0wncc7ioqY/wBJZALh4d8S4p3LKIT3Atgb4m0N1uN05g/94aIKtS6/7iw1iNb5jhlVP/2Qf3c2DH3HMX7qNmeZTvcqoL05nolJljzmUtiWVcAItEDlxPSJhHKZMoID4vxpGal0dR0MqM/yE7zELYHEUAmzw1LsG6xcpY6ZlXMpvyGOh0KZQNZNxoILDsqKhMwAhpEa7qWgTiZQQjLBCQCTaGOMzNHWjxBChldncDZMr5LqHEUKUAnuB2DpF3DMSoNA4XMMZS6RbuLUdkI8U1JYNoK53yQ3iACqmbkJpQeHzN7hq24YhUS9xIP7nXNxczVcszZTV4lmrjtOuIrUH2ikq/kL4ioXLpw1K3bCG4uNzsgHBFzVzXwmE4TUIP1MXEjicTNZlu/7FhzDLMccuo5zi4bVM68xKrFlxweHM25olIabh5TOlnq+MyuKyoTmPBgoNwUPAFJoqUNzOi2YEWRTJg7PF4lDMhC5gMFIwqU5ilhlZNTxKVsVaRigQ6iq4ppmGcJDTTHsFB2yzDHbzvk5jIAOmZ2/UoNqUBv7Hi2escMC/TA31Lr/AAitcwbal0hHUrHgKZtiJ+o6hujOJWMRae4bxL7TJOUr3CZCGNeBcvHhbdhARcSszWLiKbEepepol46jUw5mssSMFhquK7wiStpplkYJmVUayE8nslg4WIiMoQsFPkW/svMUpTYipbJEg4SL6yQDmod3Bbi6l4XHOSFdzGXG5dqpydTD7ZtlYxqJW5mHzFaJuMxVHzANeZtLzBCqitgqxr8RMxKfPWg7Eqk4E4jUEbi7kvMs6JTtiUVHOUsXc2ufJauNT1OI/glftit1tgv/AJRy9MO45ywuv9Qw3zDX2XjPEWmEMKOjMrGBHKMoCZcu+hlAU/cqhVVAvUuiXcOYGcal0EHTCzvEWMcbgCxlhb/YupuKrWo5MAXGWIufFMMXCBq3UUWxeylwxlnUXW68ahK1mJFwHCY1IjoYi4RTmd05BFNNRFlHuMs4ZsFEDWrZThqVcxFxiXJzMIisZkx3FqKpVjCDbmYP9zVLqXow3hNMxGiYxSLOahcKl6T9LcpgXjcF9VFM4iSN1KfuHcpDLDmO4ndSupydzIFsbu2DbHEWmpRPcqBKOWVuB9MOqp6jwD+J8XwjfiQigvjLtwjLGy91zNEWYbnrL3AbRZqcCyKTYMti5f0/J1CJ5Jd89Sl1FMa8Ata6gzCcjDmMFF2sdQ0l4qV1EVOZuDUVsALfZcBnwQFIOQlgOIWNaYkEfSHZmjMIr8nsuW/YzzE1mWWZICPAiofUtlY6jKMrMZIaZXjwdPDpFhe+ourLEuOAVKFAHuUvOpbccrKaHZBBSt3KvcrUbvG5XeYf+PDuplvmLTcXcRUvPM00Q3kimiBfqVfMWc+C17m638TXL9Sl0PcuXMggEUEXgFx0CVLFnMZYzBAXmbYFi2hIGo0rzD0SwWxwrF7m9FzgZeBOkaslPEbigWYm5Iq4VZrHpYVc59eXUMMs4h5MoKl4zCoolDDctsalUQ9wL48LGppjUtXiB+UuwekhhniEk7OJiqGS0IJ4bVAm0VXTuLLcYlcx34EsoOZVTnqN08S6cytxMQWXJ8jv1PzKEe5mgXqYXyhpsqepZ7mRpmcHELjddxTI5Zk9xbq1NMQ03M3j8Ss3zFeJ/wCqajMDyWC6uJoQwtoH4iGA/UrRAmmpxElnMXOIP3BTmCrQEvUYZBLbsIyWpiVHyBsmZz1yzkfhMUge5VEY1DBIfX4gIt78MStSMEDcK2nMYsWxolDycw3pTcd2Fl5iBQWUiqvF9E4O4TEEUHNMe5SKhIcTHkgDZUfoSw61LdQ+oW/4gOpjMuphPaUYIlf7lHOZQkryz9jfTmZS5MFmhEAXEsqzPqLlxLNzYXL2FHsTIhOncwajEysU64iISvcIp2g18JgvczM5lf8A5Ck3mGu58mCZnM9J23g1G6zHtiCmCZrcybm9R1Lri5Vl55g2/ZseZiPbGQk4CEVtQIJcAxI1mMrVUWw8SwtcRpLDFxDNCMK76lVqLgMEeuSNApnlMENqZYk8SvMuGva5lUHVZjgqcBFYAXKR014qKxQxzjcQKSrYhzfgzDLcCJMBcarmATiECmaS31HzdTjI1dQHRK9RBuNvBo5lZjSYMbgZ7j2I9JkmJnFMCC5sOI2Tq5UAvEtIYCAcohuuo2/3AbS7uoorBwwOyQmW2ENB3M8IKcAmIYEwBE1gg3mcTUs8Pye596jz6I6i41BmfeZv/mXnN34slriYHcywi2xDkzM/hBjw0uCDcsIqgWzDXCyNvVGwWoUgWxspDyksaA7lCiF9kX8wYq2j7SnHk5h6+GgajltyWIvZZnhcEHiHRDvGVhAFKZCNWnNnCGxgG2aU1m4ptAEWQiaeJqLMJpIYZ1xBAPzEAvEwFT2gvxUzC7mIiqijF1BrMoE1zLtXPrMzFljVhn3MgEwTAoKjG7V3OW5tPsui7gFao5FO7MGmCs6SXkG3KITAC2cDTNKJdytzDMWvcqoFxDkqXRM/mXjMu48S8eoYXwToSP8AEzDcUXJ8m+ZxmWfYG2MVqDOYT9GuAXqWCOSJiVQ1LqN1GJt/SjRd9TsuAQB5WP3SBuosAHV8TJemuUaIjdS8oj8KruCbrq3MNtw8I/StwLAIYshlNEDTbvMuhfLLwkC7lVAO7j1UscO+mL1bd9y3UPUcfZsTMErE1GDAwLCj5eDKinMqmSKbIPD/ACJuYaqIwQNMAwRqxKWolWUMqpFy1GOSLTc2O4Z1juYMUdRK8GCGNePzGnvPU13OHGtR8gtY3FzLwPFQrsYlcuNWcRXX2UaWXWWLdxfkXuvUvGpeNR7mZqcjeY3dReoZM47nqHMMXUfUw7/ERfqGsJ6JgMonqD8BM453uLFTMfFLiBVc1HUulnQMwlQBs1Aay77isXVReoXUQ8EM3AiRY3U0xmhcV6Ic1VQ3RMhcBoX6ywTmcwkhVywai0+cMsBcqaIRDbIMYrcArUEQOGJwcVNmVLLY4Fr3LAoFE34cRe4+o9QV6mRDLMwOJXcxYly3cvFxCwtnjdfY7bY/yW0jxUo36mUIlP14uVl4iVQGKTURTeINm5nWzsZlA5uyWRsS4L2QxwYW6io5sK7hYGSBpUYBcuaZjz1UxfcqneI41/JdZTKkNX7ZyPcWimWVA7j/AGGfhNMwBMwBzB5VOJcysMN6XKpipgkdO4tVgEO3E3FuMuUXDh6miieuaoU9HkAuagHM2pMEj27lbRbqjiVkAMUI2GgmDupcPf7ukuDdNcpUtL1xLU3qo3sgc8y/HMDhcMKUyhTUxY7iyqWJxmWothkcz08NTcdaiVmX+5USVBBRBQxe7l8HLAVWW5QxUsiSCWnUcCdz0i48FGFCxjk1CyNm4TwBcNxEHfE5GHPyZiGadBXYLuXjUdXjkdMsKub5QyEDdpLxuXeJxL63ON1PsdJfEcf5MiiBmmYJlSf6i5/kq/cyTM3FWnMofH2YpzUHYquYaLfjNIv5jEhRNjBE7gswbFMz807pdHhhC5D0h4WkzXczZU5IhWiCzHxqPGIArMcRbGrtmCHCKEL+RgA5Kwykn4TMwriD9ExHI5mOh9xFxpi0i/uJY47iSqyeoVVGqzEImIKmRKgYlSs5gIsR2bls+pd2wXOIKaEzGaS4pF+GfIFsV0leC4ftKW1RWyoXDqDm5kHhlX0wlKUWyGFxquW3jE2IRx2VepZP+IbiXeYGfUdFw3LUUSlrLCi3iKhUM5qPqVzPbPqXnBLczLpSOIbGoqOLs/iVOGPF3LFv8MP6OZq55uCNiMRSE9WZ6IBHlW5+GWYqCynEwhl/qYI4hsSY5YSkHdQ2bRQzmEe1UselepWCeFRFFkMrIh2R8xCohR64RaDVm47A2crAp9yrriYkzDKF1Fi4b9y8Gzc2EN3LElj5HEGXFuGjcWPEug3Uzxcx3bLBYsS4LM+KF7hm6lsz5CLGcWUcCVqtS69TDEANdkESWKzguIPbZ8B9T16iwEMUQeOYtRcQOY6uc4zcTeo0OycM3kdQnM3HN1HeWD9m2sxq8RVBcyqZixX6lSM5cS6hgCVi9zCUSgILwz9M74DMMK5hZmWpQjNUzhJ3FIWu4tAs6Jids5tCJww4+SyFVDSVNN7guDgrMBujg0ytmgILN2cQLYuUbdwHZWkdsYl/qIF6cRa9wZgJGAK2iYeyFdxOkUX4rwLS/wBx2Z8QCjFuLeiSl4gA5fBplVqLub14JEyIogpcGWZOk2eJymXLpmS+YO8J19EQ2sCQMu5gm7qYZfswzCu+ZcSxTc4/xMpB5Zm1OCOMAzQ98xRIY3PioGWPVQ176l1FxfEoJVqkyKxiKoWCsrUMyrL/ACXKeHdEIimZWanTMZiVzXRO0nbEqWIes4K8LGHMQNFdyoSPyEtNXbHVAtDAYyxI+VOLFR3O4JkM5KTGMBdETsvDMRYyNsMLS4ibTRXbm4pndJg4psG5iM8yiGyGK8twkZPOYEZivuWNVMlzTJiK7l1E14uEdRK+JTpLSjzg7UlVFlyriGHMZxG5uoszCODwykps44iSYemO8svdkvWIjYHVm46oHbiEYQ2Z/sLmVkK86jbsMdAQ3zUMtazDc4QL3fuBuc1yRNHuKBmVW44q5xW/F9XOY0tTXbHVpm1uZ2ZiJiBTzKxCK3MCtEvacQjNVPXiV7mieqcksl7Dxek+Iz8zAhBH4bBAKNwNnhRAlbMQLe1C8wW85TIWGVgoNr1CKNOtRmYplTcdpkcRK6B5joFg2keqA/sHQBpQsrqtQcu4a+yAwLmo6ek4hNOpTCU4lMI4ggmpgRSLGYcu4RTuXY5i261MiZi1BnyOy5oMZlQrC8TB1HEG6hniHzv+Tcr5zG3wuDbWzUoDhcNAc1JrTQHMorM8k0l2ZQbg8Ez68YEpmH6cziU8EdkrvcWAywPUrlzibTqPrcJtr+zdxuBTi4l41EvmJB4bgBlhPxENRruEAEplIYnJM8Z6meCQoWgZ6SsSpluJDhBy00VFgg8IaymcxGtyzOhpIgYTGeY8D2IYfgEM0t1CUi3MWIzhCTV6xGxYYiaQgJnuPu+dSxlvqMQniKuahB0S0uIaigGWZiJTmooUvTL4jS40nRNIq1/iNTcq0ysd0SoXMC1mDaHc1Ll3BIlyTFm06EWHgxi6O5kmXSILQ2bIqSOXBbF3Fy7CRKllyM0hxkzN06iYdTNaKj0gI7hTE5FysVBYOYAUTEvqah/IUMrGSU2QPdRrbMDDS6jL3/ZYgjGICANGZTuph8OioPU1ymfnmCUQivz4IVH1DS5dES9ldwUDXiU6KjETiYFLIDS2rCWlL7T8CMy3gDiB7OMMS3KcuI4XdwtLuXIAcRNQRtIuH4jJhNNXGpVtYjEqHFwkN3LhLEmDzDJK1K1KTRYFrGq+JcK4j2nBCXcZb1plwg1MRgkCmYbE4EYKXTcAE2WHqGZkg0JXdQCDibjvLsxLegsJzLLuC44vY1LXNk9U6ptomY/iXTZzDHyEcEdLxOTE1sZSLL/UxBxM3nUdZhybgYiUDKpTfLTMZTcpupVTJUzVqaJbKQCXzTGr1DU7JhCVGJcVG4dGwzUx8e8YOg14Li1VH5BAUUlSAvmI2AZqU96EgKiyGx7wqEtvEBq8cwl3i5QUodRBgNT2AwkDW+DmVPfctdZqDDV5guxcwRORBXKKLg+IqQOtRVBt2g+4mqtTVsQV1BGXMoL2xKHnwHxshhg2y+NdOGYkhQ9xoZfVdEys76lUgV3GsUxeJWsVc90lbEVuABJVEKFDGYm9qfsFwwwXrwaTiAIb8VTvcS2ZbpxKrzHIXcu2P9udhNnWZuLVP1KoKg4mOeJdxlXUVg0XMrjDjEqAGJ2E7S5Zip2k0+ExxGNyyGEwqDmcpcuAxfaMLEv8Q0RRZ6HMBdUbsFXLg0DKwx5YGLQ6JTlklHXmpSy8BUdK5dEHX6YxFEKKoI4OKwctC0hAb1TNFpG2PYS7bNYzKPzBQP1H7xhlUg1UyKiMptzhjfr1BhGt0221cD3GUCFBpRllImbjOSWGZeIhnCi4TMgl2Zq4iZlckTM0aF5jgiwYWWDwsciF2OoWTW3FW3EYCraSMdomphjJF4XsGGaFiKMqOT/MDAo5iIF8/mXiGCH3GPj4KW/Er9x0V+JjPcwGoFT3P8ys/mJKSB/mPEcbmGxmApCPluZQC/yM7HINyixnv/4Qo1O6Wx8Qwagh4uZiO4oREpDSEEUA0OYxL3ULnfE3hzqbcCkArU4UxP8AViIqjqUJmoWJ2zDIQMCwYISaBqFWHS5QEaJCnW0eIzEWSYShwXllgWwLHMcnTeZyJcETw1UDDRCgNGgLWreYizA0SyNxVDqusTIGHMumsNTKlGsRMtwRozUSuJqIcz6NmafSxFSFXZBruyhhiMMGepUPRi5toigzOZuIXZXCfCg9yxDBhI5N5C5ZFxoYNLCcMwIL8GDP7lBCg5YemV8izXExkrEd+F4iY58VTH8S+Hc0hCrgvwJa6Bm5aFlVY8ea4KwVCrzGiUNTLUw3LtxKm4EbxpWbMRQcERLtuWVAEDmKMAMQnIlzOuGrinr4EEShC0AwkJYEs0D3A3S2AoBUaXiqX1EF05ubIJl7gkAHESEFxqWt2Mxi6vFznZUdtKJgrm6xGpblQqsTUXHg2EYRF1VtQllp4XmBkjlcbZlUpdzC1ExbOcTujV6RzvcvwlbnEokw9y51w1XMA3Le1WaJTUzzcDQqZmrPpHYpa8wwEtll7eGEsF+OTsKYRU3U5gKEIkVMmLvUdTCHEG7gyv8AZXZyEvbMaipf5mWsTndTAx+4Z+zVE9/2Ge45ZUMXiALBqOvKKQSk/swj48ky68FG/OZhKuVWoXA7hqXKsFhKCIagAGuY+wXVVE60rJUwWNDQDBAy0xA/BIAZtAlOl4jW7RG7EaC/5nOky9ODQTantKe077lXbY4GJi+smG39mXV3epYAdCJkhO4xCJL0ygTiphiDBItUBKASFWsI5qCjt8KHT1Gl+7uIDFrKgdSwLq+o5huKKx1HPUtEhkHDElnDMxRCbtlgsjjMEUZKRgExbcqjyTIKRWiVrBNReJlBbDHPcq6mJakIOfojwF0NTRAVHIeGLEMEshpxEATAa/E5MTT/ADGnE0x6l16n9g2/J6THqUsrie0AqWKuKlkHBxDM2GapQEqqcGJVBBfgOKmkCEWLuBZGHYxvRbiIiKlyugKRvQWwVHkxr5WJUr/ogVoQQiYnDLUUDGld3KQGDhios9sEyoHPqJQL6JSd7wdTYHWaODqAZINUEaaXo0S1Me6iC03AxoX5JmgzLRrMq0goJzDzFiZ0D2juENIaaAZoCVgNOvwojFE2JbRh6zKXdcSs9QsDCAWnwpAwxjhmQGa1CRNRLSoxtiYubqlxKdVllcRbgdRPiasiCYWsbaiFR29eohNTisbSlCkteo4JSUEubTYJkzVNRi8N1RGl9gxiXmXE3MVrVwyDM7ljUOM+GuYu7hjMV6z8mnNy8+4GbmRqG+Ql/wBpTykMSusS/f8AJXrwDUpgziB14FTAg+DMWPDLbUJ3XCSCjmFq5zCYKoiBilzCBDWYUqtzcZFQuZz6gElTRLKoIkb6wTkc+3VicIvmUVrbzOZwXXUxwKMsO6HWIr/LgiApxEwmLuAgA6JQuD24GYJrI9RITUvPgFTAoGnTBcGnZo9svVJpNn5jC51pk1xfMYt5mccy4jiCwuupoLPni+XdRgupTJmeStIqLgBcgRraOGDq6EQptzDMx5GGIWiGie5eYWHEuHoMw/wC24t3bwG5S0IWOpjiK4lejOvHOHvxG8SxaEXKow7TNMSBU22wtcz2yrgVBG9mYvJFkhh6EOWI5SUy6pSVDX2G9wVLsgmeIECEKPsXcGUVEVGhQ9MO0NR/vGiXTHRlcFrGJjWAfbxMIVSIJszB10w61KLlN1KKBe4WFKZl9l7mBydxCkXyxooTi5nQeyZ7N5zFQQhQi2hO1zDIuNh1DugpzFz9kwzl14SqlVKhKxFaFikFifJirU26QfVijFBEBcMIzLYOydgmUNxN4zC/BMS8xXDQgwhB1Mk7iRzgRFEA4IM1LBuRzKMdjEPN2l2EpfnMlCW8lRli7VzKDIppYCD2JRcQK53hHUGsQw3BbULa5mJ1MUzMHE4qZsyzu59j1Lxn9zJubSpvAbR3LzKclYTOXDWIXDNEog7gvwYaihLhFxqDBjsrmNanfuIXICBysNVG5QZdkl4g0BUoEtIAAcKjbsPBKhgZzDdLNWcSjVUNRHn4SusVwrMN1FK45QyworQ4hmDsY6hx6iUTIAbeoCCDDq01vMoA/JLmiYhBsFzUHLsZqUdeCVPXESWRn3CgmOIGxogOalXFLQfuHZU9QMBTzKksj1FS1BhPdC1RdREBuNVZKotlbi1aW41FZKxJWRlK2FRxErHC4On1HxiuE6Zj5FGYDUvICE/MRLpQQUwVmvObuHqJ6We3mOxqVPzOSKtVC3fUf5M7fyHue8wamSy6zKK/xDbj+wyru5yQkF+LDwrGPAYMu5jzUW+EVI9NRgSMv2auUtV1hEJxGbTPDLEC5ojpaXpgb09TAEbWPfG9LBeCUr4LxLix+YVhV5qCgOaoKZvrC4jHmUkD1Fb7A2Q5bKaltzZ7lG44WKVsXNRB1sjiACBTOmXQ1DUuOplFrAE9Sxm5n3EaCMPcxVWMuKU7jKOHMqQKBmK5ESoo2wzKi5SuEZ+ZQmVRTeWDy5LmLC4UYKDKxCgqJSgOJnBvuCCA6ReRKj3GqAQqIod4Q1pVB/6g7mO4Js6mYThldtM31HU5T8s0zRo1PsGoGYNIUFZgtlRoqarnb+pdTLHEFQ9wTKbQxCBNT5Dx9iIBCYkUxUALiMCtSg1Vthj8pMGD+YYW2azEAVo3CXdER2zOZdYzuH3TG2ZwQspqAxUEJZiGLYjIMYelxcC4ORZizUuyH0JdWw42DL670Q3blVwgCFjcEI24ixWBygBrdtEqgyCfq0xXDcqep1USXIiMccUqBxAo8xKgqx6CAL0jYUCLinX2JpCDligsziXU9qXHYGOY8vJeouBgI99UphvhXCDPg1UEiA8Qu0ZpuVPSM1ASgFw1kWsvuUEquYqqGpRNdo8YntPuXAmT/UKVisVqWWzSp7QKGZvLH+Ti5Zm8GSFBlZuIQkMog41PVuVGJRmCHGoIEIeP8Rh4dkICRSGHfUYwfiJSrEMjduZjNR1A1DaHLDiYMCOJeylzcOIMnMZFDubgPpikHux2KDRURDh5mUs2yIKAeEzGzHN3EYOMZjAc7xErujuc5+rlpAkAnNNRBMrjMVdaOLjwRLiybt2lc1hxEW2JxBv1HWZhlWSy5eV2TYxisVyomARdbGKnK0RQ6HBqArlmlnOcNSo11BoBeYDUoGJZC0eYpMXJC6+x1XHF8xSw8hLBGcBZvBeJmIa70wWdXDsQTQD1NADhcyu2CEQVwLwTIjzNe4Lh6l19yxCdG7zMPUcXDN3KfU2hSRVpg89w6qLU5ZXWJmzB+oJSpvOTqHGYFQeDE9QI7g+LrDcaVZjsKSAVzrTHQtLmVIBSBrA0RWm9kuzJmNtvUOoEZc6k6l24YTWLZczdTWI3rbzK1gZQh4WVtXwhUF1G0BaHcuFumHbsxza2vEJ20KYYFmyzNbIQAepuKUAUjsc84TJaEzmDBEtks+RWoTWZJbjKPhl+OypWIZbtlDd64hq11LWoZamSGciEj7gGHWKhDyDqKlQxN0pohAOuZWutg4RlnXLOBnJUAyKwMNA3ZSHatrV9RLGcHtEbCmGXA0VTqZjagimWbXUuZRof8z9vDN6hxN0EwpyRLYk56m45bi2kcPyBib5i/iEA0zmmWEe/HPEGczQDUHgh78GYTcpi1H5kLOLSBQUxsGsFib8iWXZVYg9FXbLMz2lfNLNIs3gj8kBVQsmSszHqtw4IYjZK2zPzHEBYpm8NlDUTua6ZTqwywRCeyWghSJQpkeoB0Ycy8wpmtZOo5yE4YbKHSLVNVGDCDfqquOogLolJVLuL+eAe45uaDmFfqGxtMwqA1MdNsVUnuYbPea2BxKLwXV9QdNZWdZi8ldSn6b4FDWYSyb9T41kjwlFF7gLJWEzWdVlRrNTdkUUPSW2Kq11gMpcRNxRJXMZXlbbKM/GI41F/58LszHLMlQUOoN6no4BmZ8xNPBGr1ljsf7OziVQboiHMyYPjBUGvfiBn4oIvUOJfcIMIDDjM4ixVKSNTHjZjM5STNTBlgQg2aysYHT5e5p97lLUUl+lOIsEOswTBmWY5yxCvqCwQJmEYjUZqFVfIFaAZIgxswy8EOkYNM4LYaiGAapY7DgGI8heyWCWkWcpA4bsGeDhqWnUjHW7XKpMhhlDG3EIAsTUoAg+cXUvGMw0wncWzKDLMOFwAXmK/AeYPSzmoQRp+mAbuwHqUwswwVuL9VLIFAWJ2X1HlnhxokD+wLFH1L7XIzrVzcW0izZELl1wgGm4Rm4HXVLdXlV+p+5UDEdRYzMvxEmCOZw7xBnUQ0O43Rmf5m8N3OHNTTuVizcV6ZgXGUhU5WCghWdkEHqa1HDljZE+B4IylmBfUESWR1Vo1ADgDUNFs4Jq+pbcKt7DP+YsQRuYuC2V9QM2sxOqCOpuXEoaoRzcRIAivcFpaSJG9uXJbbqW+JgJnMRBzaMpM43uuCdlBtjFS9pjEtlGiHyURqmKxG5o4zMYJmwWWoAgblBVjb1NTM2mBUWsJscQIEWKCFzHrQcrFM4DGJZ0Esvmafkcntys5gYVAuGxZCM8wJmZXTUooK7lStS4agb2HuAU9UR6qXDiY7M6hwjZo4S5XMgQUAEFb2xcRbjGOpkQ0QWPcO7hvUeSOHcM8sRZ/mYXVRVRwTd9RZL/k9CIvuJXFS+IO5gx4h1NIevLiHgNS2cTDxjQScM6kLzBJpYlKajsiUNjFzEAJmoBF6ZbcC6lYBC6jguaQw2ihl1qpqCiCvMpQDxEVgHCxJNsbjY2OiBDx8z9KFgM5XEcalVLwTvFGnwQ+PEBLwR4iMLNwN2CVFntDFMGGG0NDFVGZwuYl0zslFOOrjLhO6lYzMTZHcxW6vHhBBVt6lnXNCkWy2hiEO1hjmOtpdDCPz0eoquzEs3vIrCCjKoSRYihq25IKpDYMVpUajoMOUq+ElZisJwZbp1L6QYhWyWsu4vU9zCGyOO5pTFxL55guZLmw5gRa5mAY/c9y1XC/5M3P9mJ9xnf9w6qXGIfMqGIIIJqc+RqDLqHkLcYWXygWMnypiIaBRIcupSWy2OMbhkooqNYAdwWSj3AhHTEV2DFxgEbbhXctFHMXDrEAaYrehUvjCYLl6vXXUURb6hOkUV9jijOUAM8zI1PQyvqUK7LzODVgqVMTW7YW8U1H1+3DAMWyrjXOZRsSsOabgDfEGec8y8gmR3xik6kSkhAYhJYYteCFx6ylFVUQFKIzHQFpmVnpfsTqE/KBkNIYcKA4l+S85hmoGILYQgOGkIkZqwJejl3LVYAlqxs1CFLaBTQz4LmZv1NRd3/8hWVgZR8ZowaiiSrqpaF72eBgdSh5l6QTNNEAPELidQs8XCDZL7iy0jbmWDKQC1KgMHDAG0JE+NK5SoNKlyHQeo0ATjma5L7lxldWwRnNKTAVLctsYDoaIIwksKSZ1dpNj6aF5m9hSO3UsinBgjTLK4n2gcgmA4EPIKcTgHVS5gp4mgbVzNoD7jL0iEaWtM5yBEainzccoocRooGlPDgwRTKFHUF0bcT6s4iz1S9y4ymh4lIomKggBUwx0BzonRtqWjvOYguBQEw711EaQAF5lMmoCEAlWCGr1v5RiyAg1z9zKLcHqD6npmffBcxP7OUw/MTHyGtQWRBjsRiGmcYdRcbuWv4hySsS4GapqqUE5qgxMGEvHgYg1GhCxLvcXP5jhG03/JdfQm/ADEIGuojiM7+ywwEGnEckJ1k0jOvPsxgjVkABz3M1cGhBG2ATJeqgjarB6jIGSFZaliAtxD63jmOdIQNeAntMAAtcRGgHmJ3Ny0Vr6lDC0zE17rGJU+pYG/sLlA4IOw9oRUbTiWDH2CMVjGqhaizm2mUZEbjha1lh5LwQ6gph1Gobrx3HAu1Rody9AOTGKzgSuKcBBGh7Qhe3yRm6ZOpXhAW+QF5cRJ7OIFuZiyHlxD45hdBcM4hMUGosauOEMWb8wgmyKdlZn68LzXUzS4tEr4MSqoJ3SyVQgK2xSb1B4jjUvJ4WtupwjaNCYIKUFYMDJFEui2SicW3U2VMvlAeyX1qNCzdIauFgzwxRxAShNo7iDSKmpbGYoYXtMLKlOQunUUqsO5ba3BOhYmYho3MUDLiE9G5iVzVYyJKyZhlW1LCIxtH0lo8DEgVKJwwBgG4muLdEGB4JgJJsgEFt3UYqx/iCw7BNt1F3HyUEZmKxBqsSWs5VQIVL9+ABiILNtw7cwuBd5qBkBbcDEWCoLBoASx4D8kQZ6nghoSN3MmO45XxDqamVmDFLYVApeJUSidTsl8ZDp4g6g9s4mX2CBKQFsuuPuYwzmC7qYMS7bW5/I89sIcK/cvVsslmrxM1Kpl/34JF3LqZSp3BjHxEHg/BLILlO8emWjI7uAjMGkdzMpG4WWNNQRRt4YiC0tYmdJNQA7ZS5U8kCASjZKi3ANVevMcNna5log5lbcEsFxWQ0RTYVTMH5okIDxKIYylAwkCxlwPiJ2hYyra0O4QHiCqbZQdEWhGsRmTwY7yjzFAEJuaUKaiwS0ipMtcRuaDVTLi7Fy9N0pY/tobZGLCMqWtgwrQJqcPbpuDMQ8yj9IWsRNibpoOZXFrNjce/TLuKbA6mBeDaYgVKgo9pUHIxMmc5o6zqmCmCC2IYG5ZFcuoys5iZxBFifU3hvUY4ocShDzD3OFThzL8JU8cTQDClB14BdeF1qL7ixc4xPnhv1FqWJ3TsmGN5iztJn5NpTNuLgHYGItFtjGTDUf7aWGpUdekRtvMhJ4UZKwlHkbqMPm16hDUU5hB6fUGEWnMqwZbgHgGcSmNWd3cZeQYi2Csr+t4ZaMJ6hbTzJZXFCErhxA4uHic+RzCawljMDYwhaM2rOagMWpcAgA6jSi50kYyAomLNRhiOVIFmLpCClbTx5le2bgUERl6mgEqFHSMQFlQhimiiWFbkHRABglYIDLv7TFvWcTOtbpBADzwARyIVWA2mVeg1iP6HmdKqS/ODN7i9z3mpl/wBRyvUNQZjhuJmGdECN5xBv0CLZZsjp1MJ8vUZcv4nZMExW4mEGX7iqXLl48l8DuKpUVxKOSErmvRiRSjEtZa6DiXJXLMWHuP33kDZEsBkEDFpTCM4Wbcxd0hl/YlFoLm/B3mUQZVbHvHbW1hJYIKq2GFcxG9zRwlLbkl0CbRXUmpkyBxFCOFjHMCjCwmatiD1gc9rFLBiK6iaCyBvBwYi3yJFbpZcGSaI2BWifk+QbRhlGBNsRGWDpqdyJbGS/qwAvR5g3faCUEZSUH5hPJUAXuAfQC6jsjAJAsHEcyw7jc00H4Tshs0DwlGtMQcIVjBkvtxLCXUNdQi+sEEQIq/hP8T2l96iwephMOJp4EeZSVDeocZmyIKajj9wd5vrcWdw2vcHgfyAf/k0Y8KW+M34HMdxSrxAEF7g9BbuHKlQ3rZNMfcRZD1NMXFMDUqBFEYDIgWAcEQq2IlW3EbgOJTovBmvpbOJWFppYgaxZIw3QsBsiDmcOGKVgPESwWgpVEq1fUss7DvEG4rNlVsvIuJZegNWkM1XuVPHCiWWUynjRuY4S5p3Gh1cpNfTzEdRa2QgYLXKvX1LZXpeCBhBddwswAIwHeSp7pDLgILwxUYDqWOaGMx9T0jhrlS0BoAx62KIjlibMf7hqFpcZTZcYjOTBKLejESmBhmWLSZipaUhLdiH9SysywzMkywzCLz4mzWvCu4mMRKqOID8wfiLTkl/IAF79RUVgZo1fM6Ia8NL8JmOJzKmbg4l56i1HmPMolq81cKg45EFQS4YWIKkUgs+XLLB4jXdm5RF5NwLuFe4yrotEOP1fc52yzC2ZjQaoS0YDzURCUUBzKTUyShsg04kUg31NLPxEdBeINwNkQWp7I45ekv4FhYnBH5CKZSY9zAoXDLg0ZognOKUxEGGKna8xXUmK48BXuAWKeoEpYy9SgsKNE4T0/EU6XqBbq6AjpacUWcqgl3edCJFVQvaBY+AmdECmX8qypkFP9TEgvU1RcvMYDrUMeUWLPsadZaViKkAQXW7lq9kbXEiqbpjeyrXLgmaW+pwv9xbj4bnMY9I7/wAROWDHM6p/+CYFu+IsZdZyjQxepwlIahk9Qm0ZzFqZRYizBKdSoYIN5mgAIWydpfJR7mBDMEXiIl7WyIJupTFyss5kojLTlkjdluPGEcysW7NRgWBk6lpN1nEpRMGYugLdMRUYYCPRc8SkMMJmWbYGA1pZtquLlIFgQWZag2xCS5MzaNdxaguVy0GABaVmHavVsEZA3CUIqUEBCbyoAuKpPbRmFaj5uaDi0vEZZgU9yrltFKuLR0wxYe5RaH5Yc1dhzAXIVXMZzbkDiO+DqKMMlSsw1PcQEFqHosxceEOM5hayCrOJuhJqhRwqYQiaMpqWzzxKwGmkaGKW2Yi2V3e5gOVctaTVnEtTOIfEsxadfiGW2a1KvxWYLuJVxBIVIMtEFqTLPjmLSpUGJe8SqD8zjcMS7+ReTvE1F9xYQTFLtiInLBtctQyBXLHhKOULJUJYgDVTK1cCw+R0TmbBRGI0C6vmPQtQRQAiHqGJuzpLszr1AZAc2RGuQ2xFEVsoAgNlYxGekvcYsHyF3VdozBYyRVuYDapgsNjpiWpyeqKgG8kNOLVUzAdN8QoIrmUOzTe4ZFVDYzrZMLzBoCUXgioCHNC06uASAVo4jIDS4mEhths8/cvhi3DCxR3plOpqqiOjPcwZpzBMC5UgYEwHuKE2OfcyrmxFdK+NxHp0Ys0GrYcqvv1GRtQDDZlzSgAov6hdLZr4wjZdx6hpuW5uU0u4WlrCH5g67gYlLiVNkSpf8QVbNaQKvMSjMtr1PiDMGoOL8BjmPgMVzF1F78FI8THFl5iUrpcwgFmoOOHNwQV0PqLS1eUnWDiPG7O42oanNHma0VioNyLO4hFnqak5XcRtMaZFiF9tn1DOouyPo23LCZriWK1nMoACGVaY6Cr6gDK7mUWycsZiWkY4Mc8XSULQhpqsM4XJCCFPbGtFDFSgusR4sE3iVRY9p8AmRxxhMwsvkqCMzssxiacVwiC+4cRTejlpjIxNj1FVDRQowjLU6YsRXnliUM2ckFBW2hxCC1YVHDLKwSrQV3Bh/KBxCoaWMAoOcDaxgWwHiVlmaF5mADcdzr9NyiB2SCtxcOE4mmJeDEQep2hogFxJgw1+Y4GDGIbmJvM0JtmXj/qVJcBry5PGOpc0zFNZluURXMHRMPqAmZZVGXjnEoNiu4020gegqG262ouY5KgJoJuMX1SKCN7TLdkfi5lSbWTaiYzAigNsIDiyIcoLmUCgqRbWxrqHxRFAkxwLYRqasNtz3MIZ7hZdTmKKqg0wazM6CtQjvClyjxLQyifDIky5r3E3b2RreiAj2qo6PRMgtQws2GhF4mVSkOcS2iDTHrLJi8DDHW7nCJwbCjiOFgXjiAFRdDwJPjzBmCGgRNMdgKGmpz1wmVb4CRICmkggcuMJ8AeIZ9cCHoXCpFUzlcd8mskFtyWOqCXAKTmV4eJcTug3M9w6gYmeIGZt8m7EwqAeMwWQSgPxFosPctescTcCtQpbgeEvUuoo+/C2xUZmKEDmK4MNR3UHHyLiguZlDSDiVt0SsDCUWWOElLK5lxLfnifRYg31W0BKg4VRhlOxO/nM4kbMYDMblSy6jFlOQ4ii2DYsLgrvmLEHM1otYNxWSSW0uGH7bI1pUCnBKmqwu4PwGllAxjic0io76VH6zkqUSULXA4LVsd0LzBHbZQl3CpcUtnEcgLRnGLlCXcMKZaGheLlCAxI4ptmmYUDcaYJickAtYi4hxMENM1k9o5WLyQ/SzLbAiDyt4GMUzK0Nb0uGzFllzP4n53xANN4i3WL1PemG5kuIahyhp4HcruJxBAkFF7jdGPiNKNhMru7uA8SrgUT6lIsu3MaubXFSbeLHc4hhgceFA3M6rwxfXF3LkPECxDDGk5gBVRqpk38nfNKUriKiGBKrLqJS7DEZSERmFtbCPy0R+eGRitDniAQ1AFaSlRaC4U8gVA5xXV7gJmP9kFMOYRA1xMy7NICPpF3KBrxlgq5bdRsvdcR1/cdBFUsUlQOI7Q0XBVRYyJeksVm8DHSpvZMA1GoZZHg4j3yMABYLIwtFgVXSdLagxMNRMAvdRP8ABUb8ruGbQuobX2YImhyt1FW1ZRR9b0EJcpqSA8wpQlYizUa/7lOMYl7DYykZhJv8SnmBeWE+47h0wQOpR4lZBDdzDbJGXk43GMKcflg1Co4g4iPz5FxfBj35lJziWVlt9xcblGmXLNRWS1LcTcKhXSTHBSSompcmjObS7uHD5KCiJYXUCDsi5gKbxnOOYLDT1EMbHLDD9aDBS9xX1iiceNlQzlXliJ1LghIplrcFaSurjguYmgZKiffXUAhQUpC3igkZztZyDKzGYoNzJRQe8ce7YIAMwm5RkXwQHRYyMwvk4hfLSJVWxV4qY8ZEsPpqHjFwPUNot6HMam3+kc5CoDdy4arkGKYrlgGUagEoDKOqZRMAUgWdJefZwlTqtiFAb6m1mYT4iwh5W2La26gViKhrUd8eZmblof5F+xtUTQ+DsmGDj3NNzE1N2pe1miZXMkGJAGyLvZLqP7mefxFi3LxOiPt4MeJURVRmW+pRRFhjGagU3FtmaxMNxiJcshcth1DLcfIZyDqCVF1DUobaokhQxFFe0tedYjmHMZEy5qEORG51iSwZziG91AjdJuoiELnupzMQOAWHcO4pBbCWFO4EwzCjTxEKUWrJqbk3GQNsREVKGEa7ZmZuqSqhTsixg9Eqhb6eJlSLEWaukJZB2QmgXKkMHUYXVapnK5zUYG4AVlauGEwGo+bvM0QhdKinEEELZWMSvFRHClZ6i/VJKqwPSK1AEuXluM9QzelKl+G3ZFkbaYK7QzELcCvsRwsZjv6R12loDslBnHqaepjIy1BRO+ARAmIx0YxHsiwYtn+I7ReJgs23Bl1Fiy5tHPyKPl8dUHti2BjVxPaX7FTiKkyLjvEzArBYvzVBjVLm4iXgxgpdSoBqEdWq50k7qGR0LhzTVzGI1yTUg6YkvUjFfeiPpBwwUVtaiWimi4gTtERttg4hXIkuL3VwDa8Q3LiC7CNC3cVZw3U4pD9EIVRKcsMeaYpsFMwhUtzdR03BtAoFwiSKNRUYXEMV0NsPY/EG4IzS4ZlCLqPYq7mWTmIJqFMyslTF+boojixTySnRiGUup7SwIwJkyzaTRjWaAMdw+V9zOzDvtgs4mAjDcKLWYu8x1T1M22PvcNoJg5Y65rwsSGCXeJhKr7gJuPc/yxTEuptmLUWX+PDrMYsQ4uP9xdyocyvAxsqvkoGcxL67mDaWGYvCCmNZ2WxgXLUrsquIgfzhlG7hqYQY5W5RiNzlRErbzFK8yvseCGav3ACW+4EMPjqGXbUIPThqbT6CKxAFxOSn5Q8BgRHYholadLsjlZeEylnRLAaclxu/Sjsi6pgDdM+oFwoysZpbmplCzWwAbRzMTWdJSy7ajty6W8BruABUTykemWYr7AsNw2UiILsmBMip1G8xxbpGCt4LlfboAm1oYjNC9oM5hUAGpdk3CxNS6VVFRDrEz8lLMG4CMo11AErUFVnTEKn4FHbHP2bIAqX9Q+YMjxK9oQfUwJn9nKXzFGdmKlC9yrzcFumVibjljEYRXgRxPdKCCFuXfNSjEzNT9ky5hvMuoNm+WEVyi0gR/TLyDG/ZWM1xKBbDEULzMMsB6oxYFvIXcVjTeLhhOQqBYD/cRBD2MUCmsxXd5L4gYBZQdxqutZKcueUi0ABlmQbAy2AUzAlRgPZBYL3N1XZlGjjRG5o5j3npD3AI8w7DYKdQEPrHiiX6FVOUCpEaphNJ8lLUWGWMtcS2w4pa7ZakJfXEziGiUH3AYcyqQBGLiuMRhRRdwhM2ozZOcWGq42luYEGwslquiZodRUwW07ZrQGJeWpS5bnLdsN4loZzxKt6JQriznmPqYlYME0Q1/wBzTWZUXAr5BzHi471qKrju+o6twQJLzKZAGMxDFVj08OMxxU3zE/Kjqb4tAxbm6zmNBvcW7cQ1DTHhg0wS52uEn7lA1swLeApUNAWMrOnmZLZ0yw3gQMIPuNjaLblWlcUlC+WMzkCchzDwaU5lK13vuDEAEANDbMFVRxAxFcws9K0vU4KWXmClza1lPxvVeGN1BXJHou4uJDkiBa7S46HqGgwqCcYO5SNIlDA6JQyW0wlHY/qYOYxU4DDADQBAIDO3MioVpOapzCAZGYEUDWDDDwRHNNYmQqznqZnS1mGRgDUSFMQ5uQwaoAKqUV7mMTUopL7gL0Qe6hBo9+5cRqkXLxbNYIHbMH2zmLV8w7wgxDVQQRH4l0RpN5Hh6nKO93NGZLE6iP2P/wAZKi1uPMulI5l5W4zti8EHtZfj9oA2ywm2GA63M9jWYUKLzLB2SzeWcxMLLUExvGTeyrZdnMdaRa1nNEG3MZY2QEKbFdwuPXUbsoahVd8wSBiIdCRboEDuSS0lwHEFC8hCuFhVQTl6huVAwGr4YAuPbKRZLsjkDZUSsd0JMBj5apipmMGFKmhWmLCGXtBqrXPENobaYzO4l8jagYdbLgjZfmtmoGTEQGuyXh1KbqXIcjRKli4TD+2TMvs7mo9UFEYZxKjOlp1HcCbgBDisRXDeQcvUbAFHEJby8XCkbQolXvfMvDMuolfbFzU2TAh1ePHAxDEMfIsW47WO3qPDuMmqi5YNTJ8m5xLj/XwW+fBulhLQvBLufJm9Ry9y4OWahxbCrii4foR7RQwRiLculosSEpNE59cJkQdTcVIjAKg3jTHuVbbO4S4XeyXgFzAjhurhNEXvxgCU4jpRLwsRam+I0YHjiK59xJUVHR6lt1T9QyEs3Dag9xwAtzXEMZ8lStNtKiQ0LLh59xGldIB2kqPmZQ+ndEymoj6hNvMFCHyMHbsnWAsIeXTPqU9QWyX9utRAqouAbxwHqEaorBR0k1EYHaUwtJj4LlZ+CBHplwBJW1ZF+FLtkA1ZBBa7AAgULzsLTIwVPcTdHf2LnBDUhYZuVYbnR/Uy+DPPhrU5X/IH5iyxKWyw5jFsu4tRe5ufHn7lamQXcq7zNMw+AXKzxAV14iKzEo8HB6h4OSh7lZaBK3gA77gaAZkBDRMDUXEZFyMNTbMA9+oBcPNS4Y/CCMvvB5IqBOJlcQo6cHlMCYypvpuXwpmyPNvrLgYcQGAuWGRgoEWtSzDULzSeogOPEGkUwNU0GZYNRE0r8oGWlqIGE4mAINNyigKkW6QHeb7hrrPAlErNMyLE5+e49QTCFLqyCiKFjGYOmLtbGWZQAIYqBlC2QrpZItNWgi2AXmV4TlXAS3nO0Sm09GOsSsHBKyGaRU0B6D3MKKtStnBl0S8dRnVxpZyT9SXonC4up7l6hpnEYqIgzzDlamDSO09zjGJg3LozHKYfFa4lAy6piOm49JdiZcZlDcDiVMGpa4IdmYwZhgoLZdQDdwFbRUUEDr3DIXLEt8ydwzusxMnoQlIa5mZrogM2jK2c4NcQAaU10W1cSDeITCw0VxClrxYSWKTpAAYhJ5plxqebg4Mk3A0GCH4qOIvKOyJj2ckMIjrbZLYBi3j2ih1ci0XFEcNtjDNel4jRFcMwjaVQazd53Li0YagVeQmAOSGA3MRdbTDGIgzKC1TKBS+JvwGLjokcAwAI0TE4L7MwitlX7M/DwDmBwrtWQHGmtMYhHOAcsJdSjkcFO5dJYwI7upb+IHbAD3OURaI1ReIoN7jsfIwyj3DQdw0EWIx1LzMLUCNEu1EBEt0eLpx3Krcf5K9yolLPZN09kEbqoj02DGLLBLKBnZqFIt8ZhaIH4n4kG33M6AXcua3TqBZo7h6VQsh3tGYOqy7IGMhQS7Ls/svpdlXDufWOqayn70WC3LX2Zg4aPGIV94YXJXLIvQambB8EGrIYqWrFwEwWotbLjgCLxwY9+ygHKtkciAcQJRDslxsGpZsqwdwUYIaYIrRd4hipYVmKaad1LjhdkJoIwzUSNQHpLz8tfIpC3gQQ6GiVAKLgmCNkWCPqHugVSmVdPBK1HY+5U1gLRGSbVAYYSL8EFgRajtLPqY/V5QUEVv3LyFGjxBiwwwalsc7x0R1BqY4x1HG2LqLLK3xF3e5n9IdEOm4PyiT8QgPPgbGoiM7YsM2dzO2FgTnES9+FBMcq8eTDKLzHLPsW4jlxKOoxK3PcbWGnMUIuTGy4hsMDdMKl6TAzWLcYhtL3FhynIW4Rp6TGb95qMWaiGUpHEWgL59TDijiOIStWMLULlEgSxQEoSEu2M/2osCs5uIAJbu4qwD1H7BUoAZSb0BUpsp4WBQF8xbCxhwEsRTETkOwdkG9jFYBtr1LhYBzGvc/qb2klwpniXHId5qB8XVwiaXAuCw12cP5lMdLmURflMVrWJgtyo5mIaGwVIJU+Zg2DVy0FRZ2DQ8QJsYDoS59TqIXAFQlThMFUpbKCAziPhqrxH/AW0jxM6IBbdSg9S1pxFuK5HBMaj1q4b9waxFbBlDiWR7jX6iQxKXmJqAHEYJqYJVcovMtLuNVme4FWrmFMTKZ+zHMO00e4vUsagTL+I7VYCGHEKNmVQ6iZ4YhcdBYNVFhUshKcMwpvo1MCRgdTZ+Z/+OkvfSofuKLmYeYYlY3dEBlU2SsVtpB1omMMsCDiZHiFlQsETuNHxQzBy+IgAxOwFIsQo7mOFNSjJAbR1CcqaxNjxcsIG9oEoszGevcLCKmyG1vGYXNO/cSpsNmG1AoD1DSqbscwB1JV9TCFQyPcP0DlSECYM3zHGoBLLWO4XSyZTFd3xuYuZhd3ymfbu3cvOCyG8B5+Q2SziW8bFwR84IngpQXH73SAZYw3AdyibxBl/wAYUw26l8GMzDZK1PWfJlu5i+YTDqKojPENygdYjtr9z/MImdSjjE/TMS8TSJXw5lqVZi1xLXWo8RbgLKonRC13cFzhNB/Me8edUtBMRiNx6k5g+5LCY49w2FjQxDaiuo3zRhyr6Jt3LiUzhV7Jup6lIoRwCWMA8iIxE81OHP8ANKPKrTElQJe0U5ImQbXZHwhqsxDWGziEWj2kBy7JQLVxFRFvcd+pWks8EcCGtMqY0gjTA8DxKVbRxURNS5fDzOMg43LRGguP9jZLXWU21FuzInLVnvMdQHgQ1LQu5SB7nmLzAdyguU6GITOjxKXHOrLE0ZlCLTQwHZbmogsPswyDnVzYjfMwsgQlWgiRCnMJ9lRxFH2Muy27nKRJOC89xqW4bbufc1TV8h0wNTAVCGP+4sdkV/JluF/EVY3Fb3HU1r9RcYuYdz//2Q==' );

INSERT INTO "public".reservista( numero, categoria, serie ) VALUES ( '87654322', '8778', 'A ' );
INSERT INTO "public".reservista( numero, categoria, serie ) VALUES ( '000000000', '', '0 ' );

INSERT INTO "public".rg( numero, orgaoexp, dataexp, ufexp ) VALUES ( '0000000', 'SSP', '2018-01-01', 'AC ' );
INSERT INTO "public".rg( numero, orgaoexp, dataexp, ufexp ) VALUES ( '339973936', 'SSP', '2003-02-11', 'SP ' );
INSERT INTO "public".rg( numero, orgaoexp, dataexp, ufexp ) VALUES ( '65487759393', 'SSP', '2005-10-05', 'RN ' );
INSERT INTO "public".rg( numero, orgaoexp, dataexp, ufexp ) VALUES ( '1669132', 'SSP', '2018-10-23', 'RN ' );

INSERT INTO "public".tituloeleitor( numero, zona, secao ) VALUES ( '00000000', 0, 0 );
INSERT INTO "public".tituloeleitor( numero, zona, secao ) VALUES ( '09987655', 32, 37 );
INSERT INTO "public".tituloeleitor( numero, zona, secao ) VALUES ( '54237283372828', 34, 23 );
INSERT INTO "public".tituloeleitor( numero, zona, secao ) VALUES ( '161743616143', 25, 12 );

